"Tag","basal_d","dbh","height","h_dbh","Notes","quadrat","Elev","Slope","nci","SR"
NA,19.8,10.6,2.1,1.3,"",NA,NA,NA,NA,19.811320754717
NA,20.4,9.4,1.7,1.3,"",NA,NA,NA,NA,18.0851063829787
NA,22.3,12.7,4.95,1.3,"",NA,NA,NA,NA,38.9763779527559
NA,26.4,13.4,4.35,1.3,"",NA,NA,NA,NA,32.4626865671642
NA,19.7,13,3.5,1.3,"",NA,NA,NA,NA,26.9230769230769
NA,17.5,8.2,1.3,1.3,"",NA,NA,NA,NA,15.8536585365854
NA,26.4,12.8,4.2,1.3,"",NA,NA,NA,NA,32.8125
NA,28.3,13.6,4.1,1.3,"",NA,NA,NA,NA,30.1470588235294
NA,21.3,12.1,4.2,1.3,"",NA,NA,NA,NA,34.7107438016529
NA,21,11.8,2.9,1.3,"",NA,NA,NA,NA,24.5762711864407
NA,21.3,9.8,2.8,1.3,"",NA,NA,NA,NA,28.5714285714286
NA,18.5,8.9,1.4,1.3,"",NA,NA,NA,NA,15.7303370786517
NA,23.8,10.8,2.4,1.3,"",NA,NA,NA,NA,22.2222222222222
NA,19.4,11.4,2.5,1.3,"",NA,NA,NA,NA,21.9298245614035
NA,24.2,12.1,3.4,1.3,"",NA,NA,NA,NA,28.099173553719
NA,33.4,15.7,6.2,1.3,"",NA,NA,NA,NA,39.4904458598726
NA,24.2,12.1,4.3,1.3,"",NA,NA,NA,NA,35.5371900826446
NA,19.7,9.8,1.9,1.3,"",NA,NA,NA,NA,19.3877551020408
NA,24.6,10.1,2.2,1.3,"",NA,NA,NA,NA,21.7821782178218
NA,23.8,13.1,3.5,1.3,"",NA,NA,NA,NA,26.7175572519084
NA,18.2,10.2,1.9,1.3,"",NA,NA,NA,NA,18.6274509803922
NA,20.7,11.5,3.1,1.3,"",NA,NA,NA,NA,26.9565217391304
NA,18.2,10.2,2.1,1.3,"",NA,NA,NA,NA,20.5882352941176
NA,28.3,11.8,2.2,1.3,"",NA,NA,NA,NA,18.6440677966102
NA,14,7.9,1.7,1.3,"",NA,NA,NA,NA,21.5189873417722
NA,20.6,11.2,2.1,1.3,"",NA,NA,NA,NA,18.75
NA,31.5,14.3,6.5,1.3,"",NA,NA,NA,NA,45.4545454545454
NA,23.2,11.7,1.3,1.3,"",NA,NA,NA,NA,11.1111111111111
NA,30.6,14,9.6,1.3,"",NA,NA,NA,NA,68.5714285714286
NA,20.7,10.2,1.5,1.3,"",NA,NA,NA,NA,14.7058823529412
NA,22.6,12.1,3.1,1.3,"",NA,NA,NA,NA,25.6198347107438
NA,30.6,14.6,4.45,1.3,"",NA,NA,NA,NA,30.4794520547945
NA,26.7,10.8,3.8,1.3,"",NA,NA,NA,NA,35.1851851851852
NA,30.9,14.1,4,1.3,"",NA,NA,NA,NA,28.3687943262411
NA,21.4,10.4,2,1.3,"",NA,NA,NA,NA,19.2307692307692
NA,24.5,15,1.9,1.3,"",NA,NA,NA,NA,12.6666666666667
NA,30.3,16.6,1.4,1.3,"",NA,NA,NA,NA,8.43373493975903
NA,20.4,13.3,1.3,1.3,"",NA,NA,NA,NA,9.77443609022556
NA,17.8,12.2,1.3,1.3,"",NA,NA,NA,NA,10.655737704918
NA,21.7,13.7,3.9,1.3,"",NA,NA,NA,NA,28.4671532846715
NA,28.6,12.7,3.4,1.3,"",NA,NA,NA,NA,26.7716535433071
NA,22.9,17.5,3.3,1.3,"",NA,NA,NA,NA,18.8571428571429
NA,26.4,15.3,6.55,1.3,"",NA,NA,NA,NA,42.8104575163399
NA,32.5,15.6,6.95,1.3,"",NA,NA,NA,NA,44.5512820512821
NA,33.4,16,10,1.3,"",NA,NA,NA,NA,62.5
NA,NA,17.5,8.8,1.3,"Other tree was grown against the base of the palm",NA,NA,NA,NA,50.2857142857143
NA,19.4,9.9,1.5,1.3,"",NA,NA,NA,NA,15.1515151515152
NA,24.2,12.4,1.4,1.3,"",NA,NA,NA,NA,11.2903225806452
NA,26.1,14.3,3.65,1.3,"",NA,NA,NA,NA,25.5244755244755
NA,17.2,10.2,1.8,1.3,"",NA,NA,NA,NA,17.6470588235294
NA,30.6,14.6,7.7,1.3,"",NA,NA,NA,NA,52.7397260273973
NA,36,18.4,9.8,1.3,"",NA,NA,NA,NA,53.2608695652174
NA,37.5,17.5,8,1.3,"",NA,NA,NA,NA,45.7142857142857
NA,19.7,15.9,1.5,1.3,"",NA,NA,NA,NA,9.43396226415094
NA,29,13.7,4.1,1.3,"",NA,NA,NA,NA,29.9270072992701
NA,20.1,10.4,2.7,1.3,"",NA,NA,NA,NA,25.9615384615385
NA,23.5,11.1,2.8,1.3,"",NA,NA,NA,NA,25.2252252252252
NA,27.7,11.7,2.2,1.3,"",NA,NA,NA,NA,18.8034188034188
NA,23.6,15.9,1.3,1.3,"",NA,NA,NA,NA,8.17610062893082
NA,25.5,12.1,2.5,1.3,"",NA,NA,NA,NA,20.6611570247934
NA,22,13.6,1.5,1.3,"",NA,NA,NA,NA,11.0294117647059
NA,20.4,16,1.4,1.3,"",NA,NA,NA,NA,8.75
NA,25.8,13.3,1.4,1.3,"",NA,NA,NA,NA,10.5263157894737
NA,29.3,15,6.2,1.3,"",NA,NA,NA,NA,41.3333333333333
NA,21,9.7,2.4,1.3,"",NA,NA,NA,NA,24.7422680412371
NA,36.3,17.2,6.4,1.3,"",NA,NA,NA,NA,37.2093023255814
NA,25.5,13.1,3.75,1.3,"",NA,NA,NA,NA,28.6259541984733
NA,32.8,15,5.1,1.3,"",NA,NA,NA,NA,34
NA,28.1,15.3,3.4,1.3,"",NA,NA,NA,NA,22.2222222222222
NA,24.2,11.1,2.4,1.3,"",NA,NA,NA,NA,21.6216216216216
NA,28.3,14.6,6.3,1.3,"",NA,NA,NA,NA,43.1506849315069
NA,30.3,14.6,6.35,1.3,"",NA,NA,NA,NA,43.4931506849315
NA,21,10.9,2.7,1.3,"",NA,NA,NA,NA,24.7706422018349
NA,22.3,13.1,1.8,1.3,"",NA,NA,NA,NA,13.7404580152672
NA,31.5,14.6,6.2,1.3,"",NA,NA,NA,NA,42.4657534246575
NA,23.8,14.7,6.55,1.3,"",NA,NA,NA,NA,44.5578231292517
NA,29.9,16,5.6,1.3,"",NA,NA,NA,NA,35
NA,21.3,10.9,2.6,1.3,"
",NA,NA,NA,NA,23.8532110091743
NA,NA,10.5,3,1.3,"Dead tree against the base of the palm",NA,NA,NA,NA,28.5714285714286
NA,20.1,12.1,3.2,1.3,"",NA,NA,NA,NA,26.4462809917355
NA,28.1,10.5,3.4,1.3,"",NA,NA,NA,NA,32.3809523809524
NA,26.1,11.2,2.4,1.3,"",NA,NA,NA,NA,21.4285714285714
NA,19.7,15,1.4,1.3,"",NA,NA,NA,NA,9.33333333333333
NA,22.3,11.7,2.1,1.3,"",NA,NA,NA,NA,17.9487179487179
NA,27.1,14.6,6.6,1.3,"",NA,NA,NA,NA,45.2054794520548
NA,24.2,12.7,5.85,1.3,"",NA,NA,NA,NA,46.0629921259843
NA,20.3,12.7,1.6,1.3,"",NA,NA,NA,NA,12.5984251968504
NA,35.1,16.9,8.4,1.3,"",NA,NA,NA,NA,49.7041420118343
NA,22,10.2,1.7,1.3,"",NA,NA,NA,NA,16.6666666666667
NA,20.3,8.9,2.3,1.3,"",NA,NA,NA,NA,25.8426966292135
NA,22.3,10.8,1.4,1.3,"",NA,NA,NA,NA,12.962962962963
NA,16.8,9.5,1.6,1.3,"",NA,NA,NA,NA,16.8421052631579
NA,16.2,13.1,3.4,1.3,"",NA,NA,NA,NA,25.9541984732824
NA,19.4,9.6,2.2,1.3,"",NA,NA,NA,NA,22.9166666666667
NA,32.2,15.3,7.8,1.3,"",NA,NA,NA,NA,50.9803921568627
NA,35,15.6,6.4,1.3,"",NA,NA,NA,NA,41.025641025641
NA,24.8,10.8,2.4,1.3,"",NA,NA,NA,NA,22.2222222222222
NA,36,16.8,9.2,1.3,"",NA,NA,NA,NA,54.7619047619048
NA,29.5,17.5,10.1,1.3,"",NA,NA,NA,NA,57.7142857142857
NA,30.8,13.7,3.5,1.3,"",NA,NA,NA,NA,25.5474452554745
NA,24.6,12.8,2.9,1.3,"",NA,NA,NA,NA,22.65625
NA,21.6,6.5,2.2,1.3,"",NA,NA,NA,NA,33.8461538461538
NA,19.4,7.6,1.75,1.3,"",NA,NA,NA,NA,23.0263157894737
NA,29.9,15,7.6,1.3,"",NA,NA,NA,NA,50.6666666666667
NA,29.9,13.9,4.35,1.3,"",NA,NA,NA,NA,31.294964028777
NA,20.7,10.5,3,1.3,"",NA,NA,NA,NA,28.5714285714286
NA,26.4,12.6,4.2,1.3,"",NA,NA,NA,NA,33.3333333333333
NA,26.7,12.7,2.9,1.3,"",NA,NA,NA,NA,22.8346456692913
NA,27.4,14,3.6,1.3,"",NA,NA,NA,NA,25.7142857142857
NA,28.1,12.7,4.3,1.3,"",NA,NA,NA,NA,33.8582677165354
NA,33.7,15.6,8.4,1.3,"",NA,NA,NA,NA,53.8461538461538
NA,34.4,16.6,12.8,1.3,"",NA,NA,NA,NA,77.1084337349398
NA,30.6,13.6,5.55,1.3,"",NA,NA,NA,NA,40.8088235294118
NA,NA,12.6,4.55,1.3,"Overgrown by second pair of roots, unable to reach the base through these extra roots",NA,NA,NA,NA,36.1111111111111
NA,26.1,14.3,4.4,1.3,"",NA,NA,NA,NA,30.7692307692308
NA,25.2,13.4,4.2,1.3,"",NA,NA,NA,NA,31.3432835820896
NA,18.2,10.8,2.1,1.3,"",NA,NA,NA,NA,19.4444444444444
NA,32.5,16.6,5.1,1.3,"",NA,NA,NA,NA,30.7228915662651
NA,25.7,14.1,3.2,1.3,"",NA,NA,NA,NA,22.6950354609929
NA,35,16.6,5.95,1.3,"",NA,NA,NA,NA,35.8433734939759
702,26.4,13.4,4.45,1.3,"",201,368.5,33.9,NA,33.2089552238806
710,27.5,13.1,4.3,1.3,"",201,368.5,33.9,NA,32.824427480916
175947,28.8,12.4,1.8,1.3,"",NA,NA,NA,NA,14.5161290322581
175947,23.2,13.7,1.3,1.3,"",NA,NA,NA,NA,9.48905109489051
167647,24.3,11.8,2.4,1.3,"",101,364.8,15.2,NA,20.3389830508475
129544,32.8,15.5,5.65,1.3,"",101,364.8,15.2,NA,36.4516129032258
129517,22.4,10.7,2.9,1.3,"",101,364.8,15.2,NA,27.1028037383178
172903,38.5,16.8,4.45,1.3,"",101,364.8,15.2,732.144487853225,26.4880952380952
173305,33.6,14,4.1,1.3,"",102,365,21.6,395.384119957884,29.2857142857143
173309,26.7,12.8,2.8,1.3,"",202,367.9,18.4,443.289436011944,21.875
173307,21.3,9,2.2,1.3,"",NA,NA,NA,NA,24.4444444444444
173308,34,15.7,3.1,1.3,"",202,367.9,18.4,562.329189551527,19.7452229299363
19746,24,11.4,3.5,1.3,"-Growing sideways'",202,367.9,18.4,491.43214794033,30.7017543859649
19746,29.8,16.6,1.7,1.3,"",202,367.9,18.4,491.43214794033,10.2409638554217
19632,24,11.3,4.1,1.3,"",102,365,21.6,535.531527207646,36.283185840708
131306,24.5,10.5,2,1.3,"",202,367.9,18.4,562.153538497577,19.047619047619
131296,27.5,11.6,3,1.3,"",102,365,21.6,625.266306084296,25.8620689655172
131304,29.7,12.5,4.75,1.3,"",202,367.9,18.4,546.841623756874,38
133043,25.6,11.3,2.9,1.3,"",304,372,15.9,1348.93528023868,25.6637168141593
170517,22,9.3,1.6,1.3,"",NA,NA,NA,NA,17.2043010752688
133048,25.8,13.1,3.4,1.3,"",304,372,15.9,1204.99061064787,25.9541984732824
133056,28,12,3.1,1.3,"",304,372,15.9,629.790350176867,25.8333333333333
130465,30.7,14.4,3.9,1.3,"",305,367.6,38.5,1076.30844021414,27.0833333333333
130466,21.8,10.5,3,1.3,"",305,367.6,38.5,1418.1812372957,28.5714285714286
130468,20.5,11.6,3.4,1.3,"",305,367.6,38.5,20581.2352171345,29.3103448275862
130464,21.8,9.3,2,1.3,"",305,367.6,38.5,1057.69119909887,21.505376344086
168680,25,11.4,2.3,1.3,"",305,367.6,38.5,954.834716188033,20.1754385964912
173611,26,10,1.95,1.3,"",NA,NA,NA,NA,19.5
3578,26.3,14.2,4.35,1.3,"",405,370.9,36.5,956.361185028609,30.6338028169014
29870,39,15.9,6.2,1.3,"",305,367.6,38.5,1075.58081148424,38.9937106918239
29859,28.2,16.4,3.3,1.3,"",405,370.9,36.5,1242.84832665719,20.1219512195122
29863,26.6,13.5,4.1,1.3,"",NA,NA,NA,NA,30.3703703703704
29868,29,14.1,4.6,1.3,"",405,370.9,36.5,805.127791241743,32.6241134751773
6569,32,13.7,8.1,1.3,"",308,373.2,24.8,NA,59.1240875912409
168672,32.2,11.8,2.95,1.3,"",305,367.6,38.5,484.455352035377,25
3553,31.9,14.3,7.5,1.3,"",305,367.6,38.5,366.08349621573,52.4475524475524
29890,37.9,16.5,9,1.3,"",305,367.6,38.5,401.159793184334,54.5454545454545
3552,35.6,16.6,8.7,1.3,"",205,363.3,34.3,657.765129636025,52.4096385542169
3552,48.2,17,8,1.3,"",205,363.3,34.3,657.765129636025,47.0588235294118
44189,29.3,17.3,5.6,1.3,"",205,363.3,34.3,1376.71409402622,32.3699421965318
130450,23.6,10,2.15,1.3,"",205,363.3,34.3,3281.67925127321,21.5
130442,26.9,11.6,3,1.3,"",205,363.3,34.3,721.607440823535,25.8620689655172
130442,33.3,15.8,8.15,1.3,"",205,363.3,34.3,721.607440823535,51.5822784810127
3530,28,15.6,6.95,1.3,"",205,363.3,34.3,494.141213290874,44.5512820512821
176740,26.2,12.8,2.1,1.3,"",NA,NA,NA,NA,16.40625
130434,20,8.4,1.3,1.3,"",NA,NA,NA,NA,15.4761904761905
3529,34,16.8,6.3,1.3,"",205,363.3,34.3,495.171457896382,37.5
24881,NA,11.4,4.55,1.3,"two root systems Growing over each Other",205,363.3,34.3,611.083997154806,39.9122807017544
2620,36.7,16.5,7.55,1.3,"",404,374.4,11.3,1211.49234719927,45.7575757575758
2623,35.9,14.4,7.65,1.3,"",404,374.4,11.3,566.376407173995,53.125
9199,28.8,14.2,6,1.3,"",303,372.3,12.4,681.429737441256,42.2535211267606
2079,28.6,13.5,7.4,1.3,"",303,372.3,12.4,900.416094696632,54.8148148148148
170055,26.3,11.8,2.4,1.3,"",303,372.3,12.4,680.856418107125,20.3389830508475
132095,35,15.8,5.8,1.3,"",203,370.4,13.1,543.168258873412,36.7088607594937
2074,36.2,17.6,6.1,1.3,"",303,372.3,12.4,1928.2212633597,34.6590909090909
2073,29.5,14.1,10.4,1.3,"",303,372.3,12.4,1523.73059750118,73.758865248227
9098,25.4,12.1,3.4,1.3,"",303,372.3,12.4,1036.21224059682,28.099173553719
9061,31.8,14.6,5.8,1.3,"",303,372.3,12.4,782.037073856739,39.7260273972603
9096,32,15.5,6,1.3,"",303,372.3,12.4,561.749766152608,38.7096774193548
2057,21.2,10.7,4.55,1.3,"",203,370.4,13.1,599.759535673321,42.5233644859813
9087,30.9,13.5,5.6,1.3,"",203,370.4,13.1,698.048369411965,41.4814814814815
132075,28.4,12.3,5,1.3,"",203,370.4,13.1,573.021846408354,40.650406504065
2059,40,17.7,7.4,1.3,"",203,370.4,13.1,431.574420449585,41.8079096045198
1066,30.5,15.4,7,1.3,"",202,367.9,18.4,490.164454015738,45.4545454545455
170036,29.6,13.8,2.7,1.3,"",203,370.4,13.1,548.186072146296,19.5652173913043
827,27.6,13,3.9,1.3,"",203,370.4,13.1,1035.11967487519,30
2544,29.3,13.5,5.8,1.3,"",204,368.6,35,611.271795891979,42.962962962963
2543,33.5,15.5,6.8,1.3,"",204,368.6,35,983.570611002443,43.8709677419355
22583,28.5,15.1,4.6,1.3,"",104,366.9,15.2,NA,30.4635761589404
22633,35.8,14.8,6.6,1.3,"",104,366.9,15.2,677.370565045711,44.5945945945946
22607,38.4,16.8,6,1.3,"",104,366.9,15.2,NA,35.7142857142857
2534,41,18,10.9,1.3,"",104,366.9,15.2,NA,60.5555555555556
133019,20,9.1,1.85,1.3,"",NA,NA,NA,NA,20.3296703296703
22562,26.9,14.2,4.7,1.3,"",104,366.9,15.2,NA,33.0985915492958
2535,35.8,16.2,6.2,1.3,"",104,366.9,15.2,1398.7114007806,38.2716049382716
3525,27,18.2,15.2,1.3,"",105,361.7,34.2,438.747062045673,83.5164835164835
44127,25.6,11,2.1,1.3,"",105,361.7,34.2,NA,19.0909090909091
30087,32.5,15.3,6,1.3,"",105,361.7,34.2,NA,39.2156862745098
3519,30.8,14.7,8.65,1.3,"",105,361.7,34.2,NA,58.843537414966
3509,34,20.5,8.8,1.3,"",105,361.7,34.2,NA,42.9268292682927
30063,41.3,16.7,9.75,1.3,"",105,361.7,34.2,NA,58.3832335329341
30059,26.5,12.7,3.95,1.3,"",105,361.7,34.2,NA,31.1023622047244
4511,36.7,16,9.95,1.3,"",106,358.5,14.5,NA,62.1875
4514,31.2,15.2,8.05,1.3,"",106,358.5,14.5,NA,52.9605263157895
170572,25,10.9,2.65,1.3,"",106,358.5,14.5,NA,24.3119266055046
NA,34,14.7,9.4,1.3,"
",NA,NA,NA,NA,63.9455782312925
30023,40,17,8.7,1.3,"",NA,NA,NA,NA,51.1764705882353
29128,40.4,18.1,9.2,1.3,"",106,358.5,14.5,NA,50.8287292817679
29740,35,17.5,6.4,1.3,"",106,358.5,14.5,NA,36.5714285714286
131813,17.3,9.6,2.1,1.3,"",106,358.5,14.5,NA,21.875
176033,27.2,11.5,2.1,1.3,"",NA,NA,NA,NA,18.2608695652174
132087,27,11.8,3.1,1.3,"",203,370.4,13.1,987.255988928753,26.271186440678
22814,35,14.4,3.9,1.3,"",204,368.6,35,1117.68904055049,27.0833333333333
44641,29,13.4,3.8,1.3,"",304,372,15.9,3750.15696196632,28.3582089552239
2098,34,15.6,6.6,1.3,"",303,372.3,12.4,1149.2030603442,42.3076923076923
9050,32.4,13,4.9,1.3,"",303,372.3,12.4,1026.46460311398,37.6923076923077
132178,19.2,7.2,1.35,1.3,"",NA,NA,NA,NA,18.75
132180,30,12.6,3.1,1.3,"",303,372.3,12.4,1770.59695338582,24.6031746031746
133059,23.8,11.1,1.45,1.3,"",NA,NA,NA,NA,13.0630630630631
133059,25,11.5,1.3,1.3,"",NA,NA,NA,NA,11.304347826087
133058,29.5,11.9,2.2,1.3,"",404,374.4,11.3,443.000295919967,18.4873949579832
2617,38.9,16.5,12,1.3,"",404,374.4,11.3,582.688884090961,72.7272727272727
133066,26.1,11.8,2.9,1.3,"",404,374.4,11.3,789.198132522375,24.5762711864407
2625,33.2,15.2,7.6,1.3,"",404,374.4,11.3,1442.37562069629,50
176904,26.7,12.2,2.1,1.3,"",NA,NA,NA,NA,17.2131147540984
176705,19.8,14,1.8,1.3,"",1407,397.6,26.9,NA,12.8571428571429
133083,24.4,10.6,3.3,1.3,"",404,374.4,11.3,666.29798383016,31.1320754716981
23075,29,14.3,5.4,1.3,"",504,378,21.2,610.597831194978,37.7622377622378
133094,34.4,16.4,4.75,1.3,"",404,374.4,11.3,1010.93592384546,28.9634146341463
23070,32.9,13.5,7.3,1.3,"",504,378,21.2,604.125345005145,54.0740740740741
23032,37.7,14.2,7.9,1.3,"",504,378,21.2,623.516061195148,55.6338028169014
133090,25.8,11.6,3.1,1.3,"",404,374.4,11.3,NA,26.7241379310345
133098,28.2,12.8,3.1,1.3,"",504,378,21.2,819.184202971768,24.21875
4679,27.4,12.7,3.2,1.3,"",706,382.9,17.3,NA,25.1968503937008
23130,26,11.4,3.3,1.3,"",504,378,21.2,832.152328260953,28.9473684210526
7299,25.5,12.2,3.8,1.3,"",503,378.1,28,1938.40440388606,31.1475409836066
7299,28.3,14.9,3.2,1.3,"",503,378.1,28,1938.40440388606,21.4765100671141
23160,25.3,16.7,4.2,1.3,"",504,378,21.2,1015.67905969454,25.1497005988024
23159,29.1,13.8,4.9,1.3,"",504,378,21.2,1377.10102787197,35.5072463768116
23062,34.2,14.3,6.2,1.3,"",504,378,21.2,925.407369651921,43.3566433566434
170089,24,10.4,1.6,1.3,"",NA,NA,NA,NA,15.3846153846154
50807,26.2,11.1,2.7,1.3,"",503,378.1,28,1010.88647261322,24.3243243243243
132222,24.9,10.2,2.4,1.3,"",503,378.1,28,1517.89413007187,23.5294117647059
51806,24.9,10.4,3.6,1.3,"",NA,NA,NA,NA,34.6153846153846
2141,31.2,13,7.45,1.3,"",503,378.1,28,473.061262298271,57.3076923076923
2141,23,10.2,3,1.3,"",503,378.1,28,473.061262298271,29.4117647058824
11557,29.4,13,5,1.3,"",502,380,26.5,1073.2133837774,38.4615384615385
2142,33.5,13.9,5.8,1.3,"",503,378.1,28,559.513946385249,41.726618705036
1149,39.5,12.4,11.75,1.3,"",502,380,26.5,683.031434590118,94.758064516129
1150,33.3,13.6,9.2,1.3,"",502,380,26.5,522.960220310016,67.6470588235294
18483,34.6,14.1,9.5,1.3,"",502,380,26.5,609.261360901363,67.3758865248227
5499,22.4,10.5,3.25,1.3,"",NA,NA,NA,NA,30.952380952381
1129,33.2,14.1,8.6,1.3,"",402,376.4,31.8,474.842146049597,60.9929078014184
1129,38.9,17.1,9.2,1.3,"",402,376.4,31.8,474.842146049597,53.8011695906433
1128,37.8,15.9,8.6,1.3,"",402,376.4,31.8,642.883080199535,54.0880503144654
170083,22.3,10.2,1.55,1.3,"",NA,NA,NA,NA,15.1960784313726
14915,31.6,13.8,5,1.3,"",402,376.4,31.8,1612.63021624488,36.231884057971
132209,25.4,12,2.8,1.3,"",503,378.1,28,706.523321018821,23.3333333333333
2113,25.2,16.5,6.2,1.3,"",403,374.3,10.5,651.136189941526,37.5757575757576
2114,37.9,16.7,10.1,1.3,"",403,374.3,10.5,979.85816911598,60.4790419161677
2106,23.2,14.8,9.1,1.3,"",403,374.3,10.5,386.948232492627,61.4864864864865
8063,32.7,14.3,9.2,1.3,"",303,372.3,12.4,393.663621125337,64.3356643356643
23110,26.3,14.1,6.05,1.3,"",504,378,21.2,711.245635194589,42.9078014184397
130183,29.2,13.4,3.1,1.3,"",1301,414.8,22.2,NA,23.134328358209
173615,23.1,12,1.55,1.3,"",NA,NA,NA,NA,12.9166666666667
44953,31.9,14.9,5.5,1.3,"",505,374.4,37.5,789.245977656953,36.9127516778523
130841,22.3,10.6,2.6,1.3,"",408,378.3,26.5,NA,24.5283018867925
130485,29.6,14.4,2.5,1.3,"",505,374.4,37.5,1252.38492069377,17.3611111111111
130485,22.5,12.2,1.3,1.3,"",505,374.4,37.5,1252.38492069377,10.655737704918
27456,19.5,8.8,2.1,1.3,"",505,374.4,37.5,1492.58706467686,23.8636363636364
3593,36.3,15.4,10,1.3,"",406,370.7,39.6,496.875640083732,64.9350649350649
27490,23,11.9,3.5,1.3,"- double root system so 23 is the best estimate possible",505,374.4,37.5,848.0164720678,29.4117647058824
130482,31,15.3,2.9,1.3,"",505,374.4,37.5,2110.10353732223,18.9542483660131
168863,27.6,12,2,1.3,"",613,363.1,6.7,NA,16.6666666666667
3594,40.8,18.6,8.8,1.3,"",405,370.9,36.5,507.569615880385,47.3118279569892
29689,34.5,14.5,7.85,1.3,"",405,370.9,36.5,673.498753691955,54.1379310344828
131929,30.5,14.8,2.55,1.3,"",406,370.7,39.6,475.547876763109,17.2297297297297
131929,26.8,11,2.3,1.3,"",406,370.7,39.6,475.547876763109,20.9090909090909
45693,33.8,14.7,4.4,1.3,"",406,370.7,39.6,396.37506984754,29.9319727891157
28025,35.1,17.7,8.4,1.3,"",406,370.7,39.6,467.951406952102,47.4576271186441
131944,20.3,10.3,1.7,1.3,"",406,370.7,39.6,460.828924357637,16.504854368932
4604,28.9,15.5,6.5,1.3,"",406,370.7,39.6,936.490983499075,41.9354838709677
4599,35.8,16,9.9,1.3,"",406,370.7,39.6,470.178146684694,61.875
4596,28.2,13.2,8.3,1.3,"",406,370.7,39.6,422.470098465339,62.8787878787879
173464,24.7,9.8,1.95,1.3,"",NA,NA,NA,NA,19.8979591836735
27971,22.2,10.5,2.1,1.3,"",506,374.5,33.6,2129.38615477824,20
4617,27.4,13.8,5.7,1.3,"",506,374.5,33.6,1415.70796051856,41.304347826087
5650,31.8,13.6,5.9,1.3,"",507,379.9,27.6,1352.45168312961,43.3823529411765
27891,24.3,12,3.5,1.3,"",506,374.5,33.6,2028.45327688871,29.1666666666667
5650,31,15,6.05,1.3,"",507,379.9,27.6,1352.45168312961,40.3333333333333
44786,23.1,10.8,2.5,1.3,"",506,374.5,33.6,1045.97869142764,23.1481481481481
35973,23.8,10.6,3.1,1.3,"",507,379.9,27.6,1457.93563073557,29.2452830188679
29487,27.7,13.1,4,1.3,"",607,383,38.5,1028.57279535779,30.5343511450382
131978,NA,13.2,1.75,1.3,"tree fell, starting to grow vertically again",606,378.8,20.9,563.136507264407,13.2575757575758
27934,31,14.2,4.1,1.3,"",606,378.8,20.9,527.486510542355,28.8732394366197
131984,27.3,13.6,3.6,1.3,"",606,378.8,20.9,2315.10132745316,26.4705882352941
27915,26.2,13,3.5,1.3,"",606,378.8,20.9,1033.97923868925,26.9230769230769
44776,29.9,13.6,4,1.3,"",706,382.9,17.3,512.557049438862,29.4117647058824
29069,26.5,13.8,4.25,1.3,"",607,383,38.5,693.769975467483,30.7971014492754
4648,29,15.2,12,1.3,"",606,378.8,20.9,515.824621305868,78.9473684210526
4641,31,15.1,9.25,1.3,"",606,378.8,20.9,493.869788397019,61.2582781456954
27857,41.9,18.2,7.85,1.3,"",606,378.8,20.9,1066.79089477111,43.1318681318681
4647,29.4,13.3,7.2,1.3,"",606,378.8,20.9,546.666286002539,54.1353383458647
27963,31.3,16.5,7.7,1.3,"",506,374.5,33.6,759.899090453092,46.6666666666667
28018,31.7,15.1,5.7,1.3,"",606,378.8,20.9,639.936509809498,37.7483443708609
44782,19.9,9.6,2.3,1.3,"",606,378.8,20.9,713.141742318753,23.9583333333333
27935,31.8,13.4,4,1.3,"",606,378.8,20.9,796.786976523964,29.8507462686567
133119,33.5,15.8,4.1,1.3,"",504,378,21.2,904.112840541209,25.9493670886076
133125,21.4,11.2,1.3,1.3,"fallen down but still Growing",604,381.8,24,1917.25808318946,11.6071428571429
44687,21.8,13,3.6,1.3,"",504,378,21.2,4836.99825574849,27.6923076923077
23208,28.4,14.2,2.45,1.3,"",604,381.8,24,695.98617667008,17.2535211267606
23209,31.9,14.5,4.3,1.3,"",604,381.8,24,597.593902333852,29.6551724137931
2691,35.1,17.3,6.85,1.3,"",604,381.8,24,646.070499718033,39.5953757225433
133129,24.5,14.2,3.15,1.3,"",604,381.8,24,485.179406568521,22.1830985915493
23207,26.7,12.3,2.1,1.3,"",604,381.8,24,1514.51100097037,17.0731707317073
23214,27.6,14.2,3.1,1.3,"",604,381.8,24,796.002209417523,21.830985915493
9397,30.6,15.5,4.15,1.3,"",603,383.6,20.5,2018.00232508094,26.7741935483871
8450,24.2,11.3,2.9,1.3,"",603,383.6,20.5,1030.24792404966,25.6637168141593
8450,31.4,15,4.85,1.3,"",603,383.6,20.5,1030.24792404966,32.3333333333333
23277,23.7,13.4,3.5,1.3,"",604,381.8,24,2126.47289903669,26.1194029850746
23278,22.7,11.5,2.7,1.3,"",604,381.8,24,853.350204007181,23.4782608695652
133136,25.7,12.9,2.2,1.3,"",NA,NA,NA,NA,17.0542635658915
23272,21.5,12.3,1.5,1.3,"",604,381.8,24,667.842303239505,12.1951219512195
23272,30,14.8,3.2,1.3,"",604,381.8,24,667.842303239505,21.6216216216216
133132,25.6,11.5,2.3,1.3,"",604,381.8,24,824.400181295567,20
2691,36.4,17.1,6.3,1.3,"",604,381.8,24,646.070499718033,36.8421052631579
3657,38.2,17.2,11.8,1.3,"",605,379.1,21.2,670.934313042694,68.6046511627907
2702,28.3,17.6,14.3,1.3,"",704,385.5,27.6,526.703857956538,81.25
44297,30.6,14.2,3.8,1.3,"",704,385.5,27.6,985.516870952922,26.7605633802817
44298,31.3,13.8,4.5,1.3,"",704,385.5,27.6,890.196787968496,32.6086956521739
133140,34,15.8,3.4,1.3,"",704,385.5,27.6,998.460537622245,21.5189873417722
44296,28.9,14.8,3.8,1.3,"",704,385.5,27.6,775.541410912755,25.6756756756757
2727,31.5,15.4,5.9,1.3,"",704,385.5,27.6,625.831641730426,38.3116883116883
2733,34.6,14.9,10.4,1.3,"",804,389.3,13.5,611.915974547497,69.7986577181208
23375,29.1,14.4,5.55,1.3,"",804,389.3,13.5,558.076898086726,38.5416666666667
23360,28.8,14.6,4.7,1.3,"",804,389.3,13.5,619.342422819854,32.1917808219178
2747,44.4,19.1,14.75,1.3,"",804,389.3,13.5,710.609013852906,77.2251308900523
2736,35.5,16.5,8,1.3,"",804,389.3,13.5,4223.96768649298,48.4848484848485
3689,41.9,17.9,10.55,1.3,"",805,387.7,18.7,1029.70048046947,58.9385474860335
2753,38,16.7,15.65,1.3,"",804,389.3,13.5,1053.04293024371,93.7125748502994
44291,22,10.5,2.55,1.3,"",804,389.3,13.5,3574.46195774388,24.2857142857143
133151,22.2,12.6,1.7,1.3,"",NA,NA,NA,NA,13.4920634920635
2745,38.9,17.1,11.4,1.3,"",804,389.3,13.5,1633.71932907164,66.6666666666667
23392,30.3,14.1,4.6,1.3,"",804,389.3,13.5,1144.67833014736,32.6241134751773
130513,26.7,12.6,2,1.3,"",805,387.7,18.7,738.204634300674,15.8730158730159
130512,13.9,7.6,1.5,1.3,"",NA,NA,NA,NA,19.7368421052632
3689,44.2,17.9,8.6,1.3,"",805,387.7,18.7,1029.70048046947,48.0446927374302
27288,27.7,13,3.2,1.3,"",NA,NA,NA,NA,24.6153846153846
27293,30,14.5,7.25,1.3,"",705,383.9,18.7,817.732655697893,50
27192,27.6,12.45,4.2,1.3,"",805,387.7,18.7,897.284758675666,33.7349397590361
27391,35.2,15.3,6.3,1.3,"",705,383.9,18.7,597.663727421764,41.1764705882353
3673,31.7,18.2,6.5,1.3,"",705,383.9,18.7,507.770720319883,35.7142857142857
3670,28.4,16.1,5.65,1.3,"",705,383.9,18.7,536.205625015277,35.0931677018634
19923,26.4,13.1,3.05,1.3,"",705,383.9,18.7,643.349657973921,23.2824427480916
3691,38.4,16,10.85,1.3,"",805,387.7,18.7,675.023997973033,67.8125
3659,35.6,17.1,7.85,1.3,"",705,383.9,18.7,2524.93340052816,45.906432748538
130530,18.1,9.9,1.7,1.3,"",NA,NA,NA,NA,17.1717171717172
8452,27.1,13.8,4.1,1.3,"",603,383.6,20.5,1306.59483437742,29.7101449275362
8150,28.9,13.2,4.2,1.3,"",603,383.6,20.5,637.714458945671,31.8181818181818
50812,20.4,9.5,2.4,1.3,"",703,387.6,13.8,1511.75612531908,25.2631578947368
132237,22.4,9.7,2.9,1.3,"",603,383.6,20.5,1219.94285315449,29.8969072164948
173396,24.5,11.2,2.4,1.3,"",703,387.6,13.8,3373.59403987388,21.4285714285714
132241,19.2,10,1.8,1.3,"",NA,NA,NA,NA,18
8268,22.8,10.8,3.7,1.3,"",703,387.6,13.8,1462.5196734447,34.2592592592593
132245,26.6,13.2,2.5,1.3,"",703,387.6,13.8,987.819011615288,18.9393939393939
8309,19.7,8.3,2.3,1.3,"",703,387.6,13.8,2116.90323562095,27.710843373494
18406,31.3,13.5,5.2,1.3,"",1623,379.6,7.7,584.464274105927,38.5185185185185
182209,38.9,16.8,6.6,1.3,"",NA,NA,NA,NA,39.2857142857143
33920,22.5,7.8,1.8,1.3,"",603,383.6,20.5,817.464397600293,23.0769230769231
18494,27.1,13.8,4.65,1.3,"",602,383.2,13.8,1338.75659059049,33.695652173913
50449,29.4,13.6,3.3,1.3,"",602,383.2,13.8,1533.79924941012,24.2647058823529
1200,30,15.2,6,1.3,"",702,387.7,23.3,2125.93636950252,39.4736842105263
1199,39.6,19.4,14.4,1.3,"",702,387.7,23.3,998.087912796608,74.2268041237113
1187,36.4,19.1,13.15,1.3,"",602,383.2,13.8,2238.65789448855,68.848167539267
131556,18.4,7.3,1.8,1.3,"",602,383.2,13.8,654.465545845432,24.6575342465753
18466,33.3,14.7,6.05,1.3,"",602,383.2,13.8,545.062104199748,41.156462585034
131555,16,7,1.65,1.3,"",602,383.2,13.8,609.882353693044,23.5714285714286
18471,25.3,10.4,3.75,1.3,"",602,383.2,13.8,459.41811611856,36.0576923076923
18468,36.4,15.9,8,1.3,"",602,383.2,13.8,439.383352193483,50.314465408805
7439,32.9,14.1,5.7,1.3,"",601,385.6,26.7,17422.4295345282,40.4255319148936
18468,37.7,18.1,12.7,1.3,"",602,383.2,13.8,439.383352193483,70.1657458563536
184,33.4,16,13.4,1.3,"",601,385.6,26.7,634.909168920795,83.75
189,32.5,13.4,5.5,1.3,"",601,385.6,26.7,541.228499167237,41.044776119403
190,34.6,13.6,8.3,1.3,"",601,385.6,26.7,519.877919022234,61.0294117647059
1163,29.8,13.1,7.6,1.3,"",602,383.2,13.8,390.678203099862,58.0152671755725
19097,26.8,11.9,6.15,1.3,"",602,383.2,13.8,522.207347344998,51.6806722689076
1153,29.5,15.1,8.15,1.3,"",502,380,26.5,16153.0616024895,53.9735099337748
18437,35.3,14.4,6.65,1.3,"",NA,NA,NA,NA,46.1805555555556
1150,31.6,13.9,8.4,1.3,"",502,380,26.5,522.960220310016,60.431654676259
18483,32.9,14.2,7.2,1.3,"",502,380,26.5,609.261360901363,50.7042253521127
54999,24.1,10.7,2.9,1.3,"",502,380,26.5,615.072376689397,27.1028037383178
1149,30.8,17.5,12,1.3,"",502,380,26.5,683.031434590118,68.5714285714286
11557,29.9,12.3,4.3,1.3,"",502,380,26.5,1073.2133837774,34.9593495934959
11557,33.8,14,9.2,1.3,"",502,380,26.5,1073.2133837774,65.7142857142857
8475,36.9,14.6,6.4,1.3,"",703,387.6,13.8,714.604989456901,43.8356164383562
1205,28.7,12.4,4.4,1.3,"",702,387.7,23.3,992.063567870519,35.4838709677419
11230,34.3,15.2,6.3,1.3,"",702,387.7,23.3,979.508076138303,41.4473684210526
11236,26.8,13,4.2,1.3,"",702,387.7,23.3,942.658171065526,32.3076923076923
131564,13.8,8.6,1.7,1.3,"",702,387.7,23.3,1802.41663657064,19.7674418604651
1437,33.9,13.1,5.9,1.3,"",1402,416.9,22.3,988.424126337302,45.0381679389313
7461,34.5,14,11.9,1.3,"",701,388.4,30,NA,85
7461,28.4,12.8,10,1.3,"",701,388.4,30,NA,78.125
7461,31.7,15.2,5.4,1.3,"",701,388.4,30,NA,35.5263157894737
129927,25.5,10.1,1.95,1.3,"",601,385.6,26.7,NA,19.3069306930693
172927,28.9,11.3,1.9,1.3,"",NA,NA,NA,NA,16.8141592920354
211,37.5,16.3,10.2,1.3,"",701,388.4,30,NA,62.5766871165644
213,34.6,17.4,12.2,1.3,"",701,388.4,30,402.118380816048,70.1149425287356
7417,32.6,14.8,9.4,1.3,"",701,388.4,30,412.805033334485,63.5135135135135
214,32.7,14.4,8.8,1.3,"",701,388.4,30,298.396078758169,61.1111111111111
219,38.4,18.8,10.9,1.3,"",701,388.4,30,NA,57.9787234042553
40452,29.8,14.4,6.2,1.3,"",701,388.4,30,NA,43.0555555555556
40450,26.9,18.1,9.8,1.3,"",701,388.4,30,NA,54.1436464088398
129968,23.4,10.6,3,1.3,"",701,388.4,30,NA,28.3018867924528
129969,24.9,11.5,3.8,1.3,"",701,388.4,30,NA,33.0434782608696
129952,23.3,10.1,3.3,1.3,"",701,388.4,30,NA,32.6732673267327
11088,36.6,17.2,10,1.3,"",701,388.4,30,NA,58.1395348837209
13325,32.1,12.3,7.9,1.3,"",801,394.9,35,NA,64.2276422764228
130008,22.4,10.3,2.9,1.3,"",801,394.9,35,NA,28.1553398058252
40492,33,15.1,6.5,1.3,"",801,394.9,35,1114.51992204058,43.046357615894
130018,19.7,9.7,2.45,1.3,"",901,399.6,13.8,900.095171087948,25.2577319587629
9297,33.8,16.1,7.7,1.3,"",901,399.6,13.8,NA,47.8260869565217
268,30.7,16.2,6.4,1.3,"",901,399.6,13.8,NA,39.5061728395062
50907,27.2,11.8,4.5,1.3,"",901,399.6,13.8,NA,38.135593220339
7497,31.5,14.1,4.2,1.3,"",901,399.6,13.8,1304.60031969782,29.7872340425532
280,28.2,11.4,5,1.3,"Bent truck then grows",901,399.6,13.8,NA,43.859649122807
50912,22.3,11.2,4.2,1.3,"",901,399.6,13.8,NA,37.5
50906,26.9,12.7,5.2,1.3,"",901,399.6,13.8,NA,40.9448818897638
17380,26.8,13.1,4.7,1.3,"",901,399.6,13.8,NA,35.8778625954198
11763,32.8,13.4,6.3,1.3,"",1001,401.5,12.5,NA,47.0149253731343
1319,30.4,12.8,7.1,1.3,"",1002,399.3,12,637.253468548825,55.46875
1320,37.4,16.4,10.4,1.3,"",1002,399.3,12,488.110280947137,63.4146341463415
1332,35,15,8.5,1.3,"",1002,399.3,12,556.248056441796,56.6666666666667
1340,29.1,13.3,6.2,1.3,"",1102,401.6,18,1006.99466980487,46.6165413533835
13199,26.4,12.6,4.2,1.3,"",1002,399.3,12,1798.32035221598,33.3333333333333
132240,24.9,11.7,3.2,1.3,"",703,387.6,13.8,688.919327048643,27.3504273504274
1227,30.5,13.1,6,1.3,"",702,387.7,23.3,1033.39541261659,45.8015267175573
11251,29.1,14,4.7,1.3,"",702,387.7,23.3,719.918053267385,33.5714285714286
11299,28.9,14.3,5.8,1.3,"",802,393.1,27.2,852.834157490265,40.5594405594406
4216,19.9,8.5,2.3,1.3,"",802,393.1,27.2,866.430631021183,27.0588235294118
44242,24.7,12.5,3.3,1.3,"",1104,399.3,19.4,889.468085801945,26.4
23600,34.1,14.5,5.4,1.3,"",1104,399.3,19.4,553.38961121394,37.2413793103448
133490,19.5,10.2,2,1.3,"",NA,NA,NA,NA,19.6078431372549
23593,22.1,9.5,2.2,1.3,"",1104,399.3,19.4,457.174251093447,23.1578947368421
44247,21.2,11.8,3.7,1.3,"",1004,395.4,13.1,884.758322925371,31.3559322033898
19583,31.9,14.2,4.2,1.3,"",1003,397.2,10.5,2332.86720685545,29.5774647887324
4336,44.3,20.4,9.8,1.3,"",1003,397.2,10.5,695.111475120398,48.0392156862745
2323,32.8,12.5,6.2,1.3,"",1003,397.2,10.5,608.417391002185,49.6
23577,31.7,17,5.1,1.3,"",1004,395.4,13.1,706.015451299477,30
3780,37.1,14.9,8.4,1.3,"",1005,394.6,25.5,678.513980262839,56.3758389261745
27112,23.7,12,2.6,1.3,"",1005,394.6,25.5,639.347617951053,21.6666666666667
27105,27,12.9,3.35,1.3,"",1005,394.6,25.5,971.400526772693,25.968992248062
27101,33.2,15,9.6,1.3,"",1005,394.6,25.5,639.179461780326,64
44834,27.5,13.4,4,1.3,"",1005,394.6,25.5,600.216443400258,29.8507462686567
3770,26.7,14.3,9.6,1.3,"",1005,394.6,25.5,2776.39066882047,67.1328671328671
130565,27.6,12.5,3.2,1.3,"",1005,394.6,25.5,624.689553826169,25.6
130565,29.7,15.2,5.9,1.3,"",1005,394.6,25.5,624.689553826169,38.8157894736842
44840,18.1,9,2.4,1.3,"",1005,394.6,25.5,630.805566201134,26.6666666666667
130570,30.1,13.5,4.9,1.3,"",1005,394.6,25.5,665.202928557766,36.2962962962963
27088,24.6,13.1,6.4,1.3,"",1005,394.6,25.5,664.134169863737,48.8549618320611
170593,20.4,10.4,2.7,1.3,"",1006,392.8,28.3,1040.30344837106,25.9615384615385
4755,33.3,18.8,10.9,1.3,"",1006,392.8,28.3,440.330838784718,57.9787234042553
4753,37.1,17.9,13.1,1.3,"",906,389.1,13.4,1969.363543492,73.1843575418994
27589,30.4,14.4,6,1.3,"",906,389.1,13.4,722.53773014809,41.6666666666667
134099,35.5,15.3,4.4,1.3,"",1006,392.8,28.3,901.953661412843,28.7581699346405
133912,26.6,12,3,1.3,"",1007,390.5,10.6,397.218250729502,25
11890,28.2,13.2,6,1.3,"",1001,401.5,12.5,999.020635217977,45.4545454545455
7232,35.8,13,9.6,1.3,"",1101,404.5,30.1,879.211871900665,73.8461538461538
317,30.1,12.9,8.8,1.3,"",1101,404.5,30.1,NA,68.2170542635659
7249,33.1,14.1,8.7,1.3,"",1101,404.5,30.1,NA,61.7021276595745
1359,34.8,14.7,11.5,1.3,"",1102,401.6,18,489.29789208596,78.2312925170068
6186,32.8,15.1,5.9,1.3,"",1102,401.6,18,706.48273062368,39.0728476821192
131626,26.1,13.8,3.2,1.3,"",1102,401.6,18,482.834365036376,23.1884057971014
5312,24,12.1,4.6,1.3,"",1102,401.6,18,1531.0240839049,38.0165289256198
6101,26.8,14,4.9,1.3,"",1102,401.6,18,1044.70569408135,35
45654,27.2,12,3.8,1.3,"",1102,401.6,18,588.866451234858,31.6666666666667
5472,25,13.6,4.9,1.3,"",1102,401.6,18,1340.03810012404,36.0294117647059
1346,31.5,14.3,6,1.3,"",1102,401.6,18,2872.70701410578,41.958041958042
9294,25.6,14.2,5.6,1.3,"",803,390.6,19.8,519.222399175585,39.4366197183099
132265,25.2,12.3,2.2,1.3,"",NA,NA,NA,NA,17.8861788617886
9289,29.8,13.2,4.9,1.3,"",803,390.6,19.8,825.490775819276,37.1212121212121
8430,34.8,14.6,5.8,1.3,"",803,390.6,19.8,547.588912163782,39.7260273972603
2747,44.6,19.4,13.4,1.3,"",804,389.3,13.5,710.609013852906,69.0721649484536
4378,27.5,13.9,6,1.3,"",903,394.5,21.8,1031.71092307821,43.1654676258993
11142,25,12.8,4.4,1.3,"",903,394.5,21.8,691.412726511892,34.375
47849,34.4,16.9,6,1.3,"",903,394.5,21.8,799.74342447738,35.5029585798817
11153,22,12.3,4.2,1.3,"",903,394.5,21.8,562.585469956074,34.1463414634146
43409,26.2,12.3,4.3,1.3,"",1003,397.2,10.5,473.578769344028,34.9593495934959
4354,31,12.6,5.8,1.3,"",1003,397.2,10.5,568.113889980705,46.031746031746
11145,29.8,12.5,5,1.3,"",1003,397.2,10.5,589.871878102827,40
4389,30.4,12.7,5.6,1.3,"",1003,397.2,10.5,775.144570370818,44.0944881889764
19583,31.8,14.3,4.8,1.3,"",1003,397.2,10.5,2332.86720685545,33.5664335664336
23562,31.2,15.1,7.4,1.3,"",1004,395.4,13.1,1707.4103568392,49.0066225165563
44252,25.6,12.1,3,1.3,"",1004,395.4,13.1,811.559563271375,24.7933884297521
2782,33.9,15.9,8.8,1.3,"",904,392.5,20.9,615.637902618798,55.3459119496855
23496,23.5,11.5,2.4,1.3,"",904,392.5,20.9,810.940345212242,20.8695652173913
44268,25.9,13.5,4.4,1.3,"",904,392.5,20.9,592.610926924666,32.5925925925926
23465,21.5,10.5,2.7,1.3,"",904,392.5,20.9,675.070291779238,25.7142857142857
133159,23.4,12,2.3,1.3,"",NA,NA,NA,NA,19.1666666666667
2314,33.8,14.9,10.1,1.3,"",1003,397.2,10.5,1585.76561520894,67.7852348993289
2317,39.4,15.6,9.2,1.3,"",1003,397.2,10.5,2023.51050697928,58.974358974359
2327,33.4,15.6,9.6,1.3,"",1003,397.2,10.5,461.475542120937,61.5384615384615
2325,37.5,14.6,9,1.3,"",1003,397.2,10.5,562.364957389017,61.6438356164384
13216,38.2,15.7,7.4,1.3,"",1002,399.3,12,662.204066414578,47.1337579617834
1326,37.7,17.9,12.7,1.3,"",1002,399.3,12,1475.73482278464,70.9497206703911
4178,22.1,11.5,2.6,1.3,"",1103,400,20.5,534.949687636923,22.6086956521739
2842,26.9,12.8,5.6,1.3,"",1104,399.3,19.4,547.029474414053,43.75
23609,21.7,10.2,3.4,1.3,"",1104,399.3,19.4,709.935989104825,33.3333333333333
1905,27.8,13.7,5.2,1.3,"",1104,399.3,19.4,743.039073501229,37.9562043795621
23608,22.2,9.5,2.6,1.3,"",1104,399.3,19.4,962.124702264517,27.3684210526316
130622,24.8,12.3,2.8,1.3,"",1205,401.6,29.3,NA,22.7642276422764
130610,21.9,10.1,1.9,1.3,"",NA,NA,NA,NA,18.8118811881188
26858,28.3,13.2,5.2,1.3,"",1205,401.6,29.3,629.817563838429,39.3939393939394
26864,24.6,13.1,4.7,1.3,"",1205,401.6,29.3,865.585348839652,35.8778625954198
130599,27.1,13,4.2,1.3,"",1105,398.3,15.2,851.214906464987,32.3076923076923
27008,25.5,11.6,3.2,1.3,"",1205,401.6,29.3,1116.34119071938,27.5862068965517
44885,31.6,16.2,7.2,1.3,"",1205,401.6,29.3,600.018526420974,44.4444444444444
44717,30.7,15.1,6.3,1.3,"",1206,398.5,20.5,557.964256400221,41.7218543046358
168709,22.8,9.9,2.3,1.3,"",NA,NA,NA,NA,23.2323232323232
3835,22.8,14.8,9,1.3,"",1105,398.3,15.2,1907.52897362491,60.8108108108108
23669,31.6,14.5,8.85,1.3,"",1204,404.3,23,612.127047999503,61.0344827586207
133208,17.5,7.5,1.6,1.3,"",1204,404.3,23,648.925956597004,21.3333333333333
133208,17.2,9.1,2.1,1.3,"",1204,404.3,23,648.925956597004,23.0769230769231
133201,24.7,10.7,3.55,1.3,"",1104,399.3,19.4,923.452262268564,33.1775700934579
133200,24.5,9.5,2.2,1.3,"",1104,399.3,19.4,938.980137043982,23.1578947368421
26855,26.6,12.5,4.1,1.3,"",1105,398.3,15.2,800.54227395941,32.8
3834,28.7,12.3,5.5,1.3,"",1105,398.3,15.2,1180.97821233877,44.7154471544715
27070,26,12.9,4.6,1.3,"",1105,398.3,15.2,888.542467966126,35.6589147286822
44853,24.7,12.6,4.8,1.3,"",1105,398.3,15.2,855.210293197163,38.0952380952381
130575,17.5,6.4,1.75,1.3,"",1105,398.3,15.2,991.867328344676,27.34375
23603,23.9,12.6,4.9,1.3,"",1104,399.3,19.4,844.314000689732,38.8888888888889
36919,22.3,10.1,3.3,1.3,"",NA,NA,NA,NA,32.6732673267327
2870,30.6,15,6.15,1.3,"",1204,404.3,23,823.015061736959,41
2871,31.9,16.2,10.1,1.3,"",1204,404.3,23,1113.66459967099,62.3456790123457
23746,32.8,16.1,3.4,1.3,"",1204,404.3,23,785.858243776681,21.1180124223602
23746,36.8,17.6,10.7,1.3,"",1204,404.3,23,785.858243776681,60.7954545454545
23673,22.9,12.9,2.1,1.3,"",1204,404.3,23,2635.82082453901,16.2790697674419
23708,27,11.2,5.1,1.3,"",1204,404.3,23,5023.03162684637,45.5357142857143
23678,32.1,14.3,5.9,1.3,"",1204,404.3,23,15829.4204015282,41.2587412587413
44219,24.9,11.2,2.8,1.3,"",1204,404.3,23,807.967471097102,25
133208,25.8,13,2.8,1.3,"",1204,404.3,23,648.925956597004,21.5384615384615
236408,20.2,11.2,3.2,1.3,"",NA,NA,NA,NA,28.5714285714286
44224,22.1,9.8,2.7,1.3,"",1104,399.3,19.4,891.283213021727,27.5510204081633
133209,17.1,11,3.2,1.3,"",1204,404.3,23,3072.93392016667,29.0909090909091
133219,26.7,11.8,3.05,1.3,"",NA,NA,NA,NA,25.8474576271186
133912,27,12.1,2.8,1.3,"",1007,390.5,10.6,397.218250729502,23.1404958677686
30617,32.6,12.3,6.4,1.3,"",1007,390.5,10.6,439.245414330249,52.0325203252033
30718,31.2,14.3,6.5,1.3,"",1107,392.3,22.8,712.789114997762,45.4545454545454
30710,31.2,13.3,5.5,1.3,"",1007,390.5,10.6,612.15418384898,41.3533834586466
5847,27.4,15.3,6.8,1.3,"",1107,392.3,22.8,426.451131762288,44.4444444444444
25849,29,14,6,1.3,"",1106,395.9,15.9,929.673795849946,42.8571428571429
25897,21.9,11.2,5,1.3,"",1106,395.9,15.9,3572.55672091462,44.6428571428571
133941,24.6,10.5,2.3,1.3,"",1107,392.3,22.8,616.089891453021,21.9047619047619
133940,33.8,14.1,4.3,1.3,"",1107,392.3,22.8,537.916566509652,30.4964539007092
35793,30.5,13.8,7.3,1.3,"",1107,392.3,22.8,442.336787494748,52.8985507246377
35795,35.2,15.8,6.4,1.3,"",1107,392.3,22.8,464.966321718894,40.5063291139241
5848,36.4,16.3,7,1.3,"",1107,392.3,22.8,776.318881578239,42.9447852760736
133943,21.4,9.6,2.1,1.3,"",1107,392.3,22.8,1633.5871458975,21.875
133950,31.5,21.9,3.5,1.3,"",1107,392.3,22.8,613.224480704161,15.9817351598174
133949,25.2,11.1,2.9,1.3,"",1107,392.3,22.8,1177.06034694774,26.1261261261261
133951,25.7,10.2,2.5,1.3,"",1107,392.3,22.8,632.601421363815,24.5098039215686
30593,24.9,12.6,4.3,1.3,"",1407,397.6,26.9,NA,34.1269841269841
30640,33.3,15.1,5.75,1.3,"",1207,394,31.7,929.471493876689,38.0794701986755
30753,35,14,5.05,1.3,"",1207,394,31.7,1192.0491603506,36.0714285714286
30751,32.6,13.2,5.5,1.3,"",1207,394,31.7,928.978550517693,41.6666666666667
35629,35.5,15,6.3,1.3,"",1207,394,31.7,769.380146287404,42
5901,35.4,15.7,6.55,1.3,"",1207,394,31.7,1669.41659522423,41.7197452229299
30562,29.5,14.4,7,1.3,"",1207,394,31.7,808.988327715692,48.6111111111111
25590,40,16.1,7.5,1.3,"",1206,398.5,20.5,782.394488246546,46.583850931677
25601,35.7,14.8,6.1,1.3,"",1206,398.5,20.5,995.286991782972,41.2162162162162
25563,36.5,15.6,6.4,1.3,"",1306,400.8,24.8,758.825397938243,41.025641025641
25596,34.9,14.6,8.8,1.3,"",1206,398.5,20.5,497.673698800279,60.2739726027397
44707,27.2,11.2,2.2,1.3,"",1206,398.5,20.5,1417.34804523883,19.6428571428571
25626,36.9,16.6,7.45,1.3,"",1206,398.5,20.5,489.951978650671,44.8795180722892
25645,32.1,13.8,7.2,1.3,"",1206,398.5,20.5,437.045133766034,52.1739130434783
44581,35,17.3,8,1.3,"",1205,401.6,29.3,594.296979997848,46.242774566474
25642,23.6,12.7,3,1.3,"",1205,401.6,29.3,509.355874754457,23.6220472440945
44581,31.1,13.6,6.9,1.3,"",1205,401.6,29.3,594.296979997848,50.7352941176471
44486,25.8,11.7,3.2,1.3,"",1306,400.8,24.8,1213.30481892923,27.3504273504274
44580,31.5,15,4.9,1.3,"",1205,401.6,29.3,2877.20427896102,32.6666666666667
44575,22.8,10.5,2.4,1.3,"",1205,401.6,29.3,568.170872755986,22.8571428571429
133230,34,14.8,4.6,1.3,"",1204,404.3,23,1016.69548521021,31.0810810810811
133217,23.1,10.2,2.1,1.3,"",1204,404.3,23,1858.55950850763,20.5882352941176
132315,32.5,12.1,4.7,1.3,"",1303,410.2,22.8,592.842997589806,38.8429752066116
43473,31.2,14,5,1.3,"",1203,405,20.9,1255.98922193265,35.7142857142857
4405,26.3,12.4,5.7,1.3,"",1203,405,20.9,1264.45827442965,45.9677419354839
133235,19.3,9.1,2.3,1.3,"",1304,408.2,19.1,2153.45269405927,25.2747252747253
170547,29.2,14.1,5.5,1.3,"",1304,408.2,19.1,1416.16918820961,39.0070921985816
44076,28.1,13.2,3.7,1.3,"",1304,408.2,19.1,975.328491473995,28.030303030303
132317,28.9,13,2.95,1.3,"",1303,410.2,22.8,592.777956649773,22.6923076923077
133250,25,11.4,2.5,1.3,"",1304,408.2,19.1,572.277587048055,21.9298245614035
132319,19,12.3,3.4,1.3,"",1303,410.2,22.8,592.101383886978,27.6422764227642
132318,33.9,14.6,6,1.3,"",1303,410.2,22.8,431.010976202665,41.0958904109589
170108,23.9,12,1.75,1.3,"",NA,NA,NA,NA,14.5833333333333
2421,33.2,14.8,9.15,1.3,"",1303,410.2,22.8,389.982448790451,61.8243243243243
133253,23.3,9.2,2.15,1.3,"",1304,408.2,19.1,1240.18324467171,23.3695652173913
6316,23.6,12.9,5.5,1.3,"",NA,NA,NA,NA,42.6356589147287
133256,22.6,10.8,2.05,1.3,"",1304,408.2,19.1,841.84688872392,18.9814814814815
23809,32.6,14,5.7,1.3,"",1304,408.2,19.1,933.335325179106,40.7142857142857
23811,25,12.6,5,1.3,"",1304,408.2,19.1,990.566936735052,39.6825396825397
43736,24.2,11.1,3.5,1.3,"",1403,414.3,24.7,756.902246552915,31.5315315315315
11981,24.5,11.5,4.35,1.3,"",1403,414.3,24.7,727.307484774853,37.8260869565217
26259,17.8,9.1,2.25,1.3,"",NA,NA,NA,NA,24.7252747252747
43724,22.4,10.2,2.7,1.3,"",1403,414.3,24.7,694.361610082152,26.4705882352941
43727,16.4,8.6,2.5,1.3,"",1403,414.3,24.7,558.099718370446,29.0697674418605
132335,27.8,11.6,2.8,1.3,"",1403,414.3,24.7,1099.86474019461,24.1379310344828
13271,31.7,15.6,6.5,1.3,"",1403,414.3,24.7,857.114802658516,41.6666666666667
13226,30.4,15.4,6.8,1.3,"",1403,414.3,24.7,954.002211537472,44.1558441558442
6292,27.5,12.1,5.4,1.3,"",1403,414.3,24.7,832.074915122921,44.6280991735537
133243,23.7,10,2.3,1.3,"",1304,408.2,19.1,560.416336457981,23
170548,27.6,12.7,2.3,1.3,"",1304,408.2,19.1,716.644315976184,18.1102362204724
170548,23.6,13.3,4.2,1.3,"",1304,408.2,19.1,716.644315976184,31.5789473684211
26503,27.9,13.2,5.1,1.3,"",1305,405.2,22.6,546.545657647836,38.6363636363636
130623,NA,12.2,2.8,1.3,"tree Growing against the base of the palm",1205,401.6,29.3,2308.91066086405,22.9508196721311
26733,24.1,12.4,4.3,1.3,"",1305,405.2,22.6,790.677760797204,34.6774193548387
3882,33.4,13.2,6.4,1.3,"",1305,405.2,22.6,575.429073124084,48.4848484848485
44546,22.2,10.7,3.15,1.3,"",1305,405.2,22.6,683.541003840394,29.4392523364486
25601,35.8,14.5,6.1,1.3,"",1206,398.5,20.5,995.286991782972,42.0689655172414
134179,19,8.3,1.9,1.3,"",1306,400.8,24.8,1470.18502340105,22.8915662650602
30576,16,10.9,3,1.3,"",1307,395.6,27.2,14232.6119747281,27.5229357798165
4871,31.8,12.8,6.15,1.3,"",NA,NA,NA,NA,48.046875
25510,27,13.9,4.5,1.3,"",1306,400.8,24.8,561.917195928702,32.3741007194245
44489,27.5,12.8,4.5,1.3,"",1306,400.8,24.8,653.698412552837,35.15625
2558,20.1,12.8,4.5,1.3,"",NA,NA,NA,NA,35.15625
4878,32.1,14.4,4.4,1.3,"",1306,400.8,24.8,NA,30.5555555555556
134192,27.7,12.66,3,1.3,"",1306,400.8,24.8,984.909235965268,23.696682464455
25376,36.8,14.4,6.2,1.3,"",1406,402.7,26,764.012673758774,43.0555555555556
44530,26.4,12.7,3.1,1.3,"",1305,405.2,22.6,716.516293648912,24.4094488188976
25380,29.3,12.9,5.35,1.3,"",1406,402.7,26,NA,41.4728682170543
24796,33.1,15.9,6.4,1.3,"",1405,407.1,17.7,2877.53099931173,40.251572327044
3880,29.4,14.3,8.9,1.3,"",1305,405.2,22.6,651.83389012258,62.2377622377622
44502,27.4,12.2,3.35,1.3,"",1405,407.1,17.7,774.323108650602,27.4590163934426
44452,25.9,10.9,2.95,1.3,"",1406,402.7,26,1886.83512401477,27.0642201834862
44453,24.2,11.4,3,1.3,"",1406,402.7,26,1670.29598180025,26.3157894736842
130658,26,11.9,1.75,1.3,"",NA,NA,NA,NA,14.7058823529412
130651,21.5,12.4,5.7,1.3,"",1405,407.1,17.7,502.349388255152,45.9677419354839
3930,28.9,14.4,9.8,1.3,"",1405,407.1,17.7,806.822274632804,68.0555555555556
24723,27.5,16.4,4.4,1.3,"",1405,407.1,17.7,622.525798355776,26.8292682926829
170633,28.5,13.6,3.3,1.3,"",1406,402.7,26,1049.7700837168,24.2647058823529
24674,33,14.6,6.5,1.3,"",1505,407.3,23,912.175590848709,44.5205479452055
168740,17.2,7.2,1.75,1.3,"",NA,NA,NA,NA,24.3055555555556
130667,27.7,11.7,3.5,1.3,"",1505,407.3,23,857.687396858391,29.9145299145299
24666,27.1,12.6,4.2,1.3,"",1505,407.3,23,2724.93570073529,33.3333333333333
126365,17.3,7.9,2.1,1.3,"",1505,407.3,23,2981.68472662186,26.5822784810127
24726,21.8,11,3.2,1.3,"",1405,407.1,17.7,679.285864404201,29.0909090909091
24726,30.5,13.3,4.2,1.3,"",1405,407.1,17.7,679.285864404201,31.5789473684211
168730,25.9,11.3,2.95,1.3,"",1405,407.1,17.7,759.348987304435,26.1061946902655
168731,19.9,9.5,1.8,1.3,"",NA,NA,NA,NA,18.9473684210526
130665,25.4,12.9,2.65,1.3,"",1505,407.3,23,771.15710455241,20.5426356589147
2978,30.5,14.4,5.8,1.3,"",1504,412.3,27.5,1639.44028316226,40.2777777777778
130669,22.5,12.9,2.8,1.3,"",1505,407.3,23,898.322551028531,21.7054263565891
24254,27.9,14.5,8,1.3,"",1504,412.3,27.5,594.585855285452,55.1724137931035
44027,29.3,14.9,5.3,1.3,"",1404,410.7,20.2,928.497352691383,35.5704697986577
24630,20.3,10.5,1.95,1.3,"",1505,407.3,23,821.563668888563,18.5714285714286
24630,31.4,14.6,4.05,1.3,"",1505,407.3,23,821.563668888563,27.7397260273973
25124,20.9,10.5,3.5,1.3,"",1506,403.3,16.5,1715.48178766591,33.3333333333333
4933,27.5,13.5,4.9,1.3,"bended shape",1506,403.3,16.5,717.590245027813,36.2962962962963
44413,28,12.6,3.2,1.3,"",1506,403.3,16.5,926.002977854801,25.3968253968254
44415,29.8,13.6,4.7,1.3,"",1506,403.3,16.5,12483.4010650617,34.5588235294118
134213,17.9,9,2.5,1.3,"",1506,403.3,16.5,1187.18995499056,27.7777777777778
4960,42.8,17.4,10.2,1.3,"",1606,404.5,17,411.545291390368,58.6206896551724
4963,28.9,13.9,10.4,1.3,"",1606,404.5,17,NA,74.8201438848921
25049,30.9,13.9,5.9,1.3,"",1606,404.5,17,NA,42.4460431654676
44403,37.4,16.9,6.7,1.3,"",1606,404.5,17,NA,39.6449704142012
4962,35.9,14.8,5.8,1.3,"",1606,404.5,17,NA,39.1891891891892
25060,23.9,11.9,3,1.3,"",1606,404.5,17,NA,25.2100840336134
135054,26.8,13.4,4.45,1.3,"",1607,403.7,15.2,NA,33.2089552238806
31016,30.8,15.6,7.8,1.3,"",1607,403.7,15.2,NA,50
6909,27,12.6,5.4,1.3,"",1308,393.7,11,916.434270083911,42.8571428571429
6082,37.1,14.8,9.4,1.3,"",1607,403.7,15.2,NA,63.5135135135135
31020,35.2,16.1,9.2,1.3,"",1607,403.7,15.2,NA,57.1428571428571
44402,43.1,16.6,9.6,1.3,"",1606,404.5,17,NA,57.8313253012048
44403,36.7,16.6,7.4,1.3,"",1606,404.5,17,NA,44.578313253012
25035,33.9,15.2,8.6,1.3,"",1606,404.5,17,NA,56.5789473684211
25079,32.2,15,7.2,1.3,"",1606,404.5,17,NA,48
25079,33.2,15,7.6,1.3,"",1606,404.5,17,NA,50.6666666666667
25033,33.6,16.5,7.8,1.3,"",1606,404.5,17,NA,47.2727272727273
43396,24,11.1,3.1,1.3,"",1606,404.5,17,NA,27.9279279279279
4974,22.6,16.5,13.1,1.3,"",1606,404.5,17,NA,79.3939393939394
25065,19.8,9.7,2.8,1.3,"",1606,404.5,17,NA,28.8659793814433
43395,24,10.3,2.5,1.3,"",1606,404.5,17,NA,24.2718446601942
43395,25,12.4,3,1.3,"",1606,404.5,17,NA,24.1935483870968
43395,23,12.4,2.5,1.3,"",1606,404.5,17,NA,20.1612903225806
170642,32.5,13.6,3.7,1.3,"",1506,403.3,16.5,810.020833149368,27.2058823529412
4925,29.6,13.2,6.3,1.3,"",1506,403.3,16.5,794.435118578052,47.7272727272727
25143,26.4,11.4,4.2,1.3,"",1506,403.3,16.5,576.74542305761,36.8421052631579
134218,20.4,9.4,1.8,1.3,"",1506,403.3,16.5,668.822400087791,19.1489361702128
134217,26.6,9.5,2.5,1.3,"",1506,403.3,16.5,634.512461297072,26.3157894736842
30919,30.8,12.8,6.7,1.3,"",1507,400.3,19.4,665.763202364927,52.34375
135031,25.4,11.8,4.3,1.3,"",1507,400.3,19.4,742.176222696424,36.4406779661017
30914,22.9,12,5.9,1.3,"",1507,400.3,19.4,3476.88556112427,49.1666666666667
25144,26.3,12.6,4,1.3,"",1506,403.3,16.5,533.240278704542,31.7460317460317
4903,37.4,15.3,11.9,1.3,"",1406,402.7,26,1049.97621747089,77.7777777777778
25212,23,10.4,3.2,1.3,"",1406,402.7,26,793.616384836975,30.7692307692308
44433,24,10.9,2.8,1.3,"",1406,402.7,26,846.663502824123,25.6880733944954
44445,29.9,13.5,3.4,1.3,"",1406,402.7,26,798.018029701829,25.1851851851852
134199,21.1,10.4,1.6,1.3,"",NA,NA,NA,NA,15.3846153846154
44448,26,13.4,3.6,1.3,"",NA,NA,NA,NA,26.865671641791
44455,23.6,12.6,3.5,1.3,"",1406,402.7,26,1574.56215441911,27.7777777777778
133833,26.8,12.8,3.7,1.3,"",NA,NA,NA,NA,28.90625
133897,30.6,14.2,4.4,1.3,"",1007,390.5,10.6,809.915358014718,30.9859154929578
35785,33.2,14.5,5.2,1.3,"",1007,390.5,10.6,568.267656567601,35.8620689655172
35771,32.3,14.9,4.3,1.3,"",1007,390.5,10.6,731.00490115595,28.8590604026846
133865,31.5,12.8,5.2,1.3,"",1007,390.5,10.6,753.2809491921,40.625
133864,25.1,13.2,5,1.3,"",1007,390.5,10.6,698.368253968749,37.8787878787879
6784,39.5,16.9,6.3,1.3,"",1008,390.5,5.3,608.050599119205,37.2781065088757
136112,34.3,15.2,5.2,1.3,"",1008,390.5,5.3,518.26780162574,34.2105263157895
133908,23.8,9.6,2.55,1.3,"",NA,NA,NA,NA,26.5625
30805,36.9,18.1,6.8,1.3,"",1007,390.5,10.6,827.624310620727,37.5690607734807
170203,30.9,14.3,5.3,1.3,"",1007,390.5,10.6,800.082048295438,37.0629370629371
41933,30.1,16.4,6.4,1.3,"",1108,391.4,14.8,428.617177812023,39.0243902439024
56334,36.2,14.8,6.3,1.3,"",1008,390.5,5.3,944.327626897284,42.5675675675676
173802,25.9,10.6,2.3,1.3,"",NA,NA,NA,NA,21.6981132075472
56333,39.1,15.3,7.1,1.3,"",1008,390.5,5.3,974.960221134233,46.4052287581699
136205,32.9,15.9,5.5,1.3,"",1108,391.4,14.8,508.281647732955,34.5911949685535
169984,24.4,11.4,4,1.3,"",1108,391.4,14.8,579.488190466131,35.0877192982456
169985,31.9,14.7,4.8,1.3,"",1108,391.4,14.8,665.207286080433,32.6530612244898
136240,28.2,16.1,6.5,1.3,"",1108,391.4,14.8,445.373716459645,40.3726708074534
169971,26,11.3,3.3,1.3,"",1108,391.4,14.8,560.083928353199,29.2035398230088
136200,23.4,9.6,2.9,1.3,"",1008,390.5,5.3,1503.84189951399,30.2083333333333
136177,35.7,12.9,8.8,1.3,"",1008,390.5,5.3,1365.88401645179,68.2170542635659
136176,39.2,16.1,8.4,1.3,"",1008,390.5,5.3,918.647290693137,52.1739130434783
169979,20.3,9.5,1.9,1.3,"",1108,391.4,14.8,498.407940253477,20
136217,35.2,15.1,6.8,1.3,"",1108,391.4,14.8,486.353923323446,45.0331125827815
136147,38.5,17,6.6,1.3,"",1008,390.5,5.3,1129.41474683644,38.8235294117647
56386,23.4,9.6,2.5,1.3,"",1108,391.4,14.8,504.902130008423,26.0416666666667
56390,28.4,11.6,4,1.3,"",1108,391.4,14.8,550.911711758023,34.4827586206897
56387,33.3,11.9,5.9,1.3,"",1108,391.4,14.8,657.367135546253,49.5798319327731
13627,35.5,16.5,6.6,1.3,"",416,365.1,17.2,NA,40
6849,33.9,13.7,6.4,1.3,"",1108,391.4,14.8,651.813034283872,46.7153284671533
136294,23.5,11.3,3.2,1.3,"",1108,391.4,14.8,661.917564060494,28.3185840707965
168794,20.4,10.8,2.9,1.3,"",1108,391.4,14.8,666.102240244408,26.8518518518518
138065,22.3,10.2,3.6,1.3,"",1208,392.5,16.5,2045.12225044782,35.2941176470588
56366,23.9,13.1,4.25,1.3,"",1208,392.5,16.5,760.948881568999,32.4427480916031
138071,22.7,8.3,1.65,1.3,"",1208,392.5,16.5,674.56741836393,19.8795180722892
6878,37,16.3,7,1.3,"",1208,392.5,16.5,595.833320296114,42.9447852760736
45164,28.6,14.7,4,1.3,"",NA,NA,NA,NA,27.2108843537415
173821,34.5,15.4,5.2,1.3,"",1308,393.7,11,2812.79226351549,33.7662337662338
45561,29.9,13.2,7.7,1.3,"",1109,392.9,11.8,1047.66080305158,58.3333333333333
7869,26.9,18.4,11.4,1.3,"",1109,392.9,11.8,857.119830221849,61.9565217391304
45597,29.4,13.9,5.6,1.3,"",1209,394.2,0.7,566.415572640774,40.2877697841727
132968,33.9,13.5,4.9,1.3,"",1209,394.2,0.7,341.714598001476,36.2962962962963
132968,25.1,10.2,3,1.3,"",1209,394.2,0.7,341.714598001476,29.4117647058824
45534,28.6,14.4,6,1.3,"",1109,392.9,11.8,706.077839500529,41.6666666666667
40264,26.1,12.8,6.3,1.3,"",1110,391.5,20.5,1274.39997158243,49.21875
137034,20.6,8.6,2.65,1.3,"",1110,391.5,20.5,668.999482421299,30.8139534883721
174157,24.4,12.3,1.7,1.3,"",NA,NA,NA,NA,13.8211382113821
35131,27.9,14.9,7.7,1.3,"",1010,388.1,23.7,691.209811388743,51.6778523489933
33285,37,15.2,9,1.3,"",1010,388.1,23.7,567.245506234621,59.2105263157895
33277,32.2,14.3,7.8,1.3,"",1010,388.1,23.7,1180.06024220689,54.5454545454545
8820,36.4,16.4,9.4,1.3,"",1010,388.1,23.7,589.929880460977,57.3170731707317
33855,38.3,17.3,10.4,1.3,"",1010,388.1,23.7,525.585394566337,60.1156069364162
40305,30.5,13.3,4.1,1.3,"",1010,388.1,23.7,632.803780962253,30.8270676691729
33400,37,16.7,9.2,1.3,"",1010,388.1,23.7,540.965328826013,55.0898203592814
35213,23.4,10.8,2.9,1.3,"",1110,391.5,20.5,1590.40532206345,26.8518518518518
137063,18.1,9.8,2.4,1.3,"",1110,391.5,20.5,677.264813962779,24.4897959183673
137059,26.4,12.6,3.6,1.3,"",1110,391.5,20.5,876.542948722237,28.5714285714286
40404,27.3,11.7,5,1.3,"",1110,391.5,20.5,1014.2133372607,42.7350427350427
33867,29.4,13.9,7.1,1.3,"",1110,391.5,20.5,1089.32624453187,51.0791366906475
40323,35,15.3,7.7,1.3,"",1110,391.5,20.5,560.887823598218,50.3267973856209
135695,24.5,12.4,2.9,1.3,"",1111,385.9,39.7,851.662372062812,23.3870967741935
49791,28.9,14.4,4.5,1.3,"",1111,385.9,39.7,1890.36457609732,31.25
49864,35.6,16.6,7.8,1.3,"",1011,383.5,32.7,659.099045601323,46.9879518072289
54411,33.1,13.5,7.8,1.3,"",1011,383.5,32.7,803.708153767632,57.7777777777778
49594,36.9,17.2,8.4,1.3,"",1011,383.5,32.7,649.332724162262,48.8372093023256
174211,25.9,11.9,2.7,1.3,"",NA,NA,NA,NA,22.6890756302521
135653,24.3,10.9,2.9,1.3,"",1011,383.5,32.7,761.401237794075,26.605504587156
49708,36.4,14.6,6.6,1.3,"",1011,383.5,32.7,731.047736963125,45.2054794520548
135648,28,11.9,4,1.3,"",1011,383.5,32.7,777.98065280253,33.6134453781513
58362,32.2,13.9,6.2,1.3,"",1012,379.1,16.3,1211.75263256822,44.6043165467626
54698,24.3,12.6,4.2,1.3,"",1011,383.5,32.7,1428.9295983236,33.3333333333333
135646,21.6,11.3,2.1,1.3,"",1011,383.5,32.7,607.067788011833,18.5840707964602
137424,30,14.2,2.9,1.3,"",1012,379.1,16.3,628.533171816159,20.4225352112676
137741,21,16.6,2.6,1.3,"",912,375.3,30.8,831.041907581803,15.6626506024096
167885,27.6,13,4,1.3,"",912,375.3,30.8,14485.5955865963,30.7692307692308
167884,33.4,14.4,3.9,1.3,"",912,375.3,30.8,789.939577370399,27.0833333333333
167886,31,13,3,1.3,"",912,375.3,30.8,845.908663472367,23.0769230769231
54500,23.9,13.8,5.5,1.3,"",911,379,41,588.898656266218,39.8550724637681
19686,25.5,11.7,4.4,1.3,"",302,371.5,19.4,NA,37.6068376068376
49691,18.5,8.1,2.4,1.3,"",1011,383.5,32.7,3833.15533687695,29.6296296296296
49688,32.3,15.3,6.1,1.3,"",1011,383.5,32.7,697.135122352324,39.8692810457516
135817,24.5,11.1,2.35,1.3,"fallen down, Growing up again (bended shape)",NA,NA,NA,NA,21.1711711711712
35145,18.4,8.7,2.5,1.3,"",1010,388.1,23.7,1362.93361020675,28.735632183908
49805,26.1,15,11.5,1.3,"",1011,383.5,32.7,669.589830108955,76.6666666666667
137755,29.1,14.4,4.6,1.3,"",1012,379.1,16.3,1228.47282629239,31.9444444444444
137754,28.1,12.3,4,1.3,"",1012,379.1,16.3,1476.51797162694,32.520325203252
137756,21.4,9.7,2.4,1.3,"",1012,379.1,16.3,1613.2676991377,24.7422680412371
137768,27,11.6,2.9,1.3,"",1012,379.1,16.3,715.162042102471,25
139385,27.2,12,2.7,1.3,"",1013,376,24,566.770555878119,22.5
58332,25.6,12.4,2.5,1.3,"",1012,379.1,16.3,769.115141604741,20.1612903225806
627796,27.2,11.6,3.7,1.3,"",NA,NA,NA,NA,31.8965517241379
137727,26.2,13.3,4,1.3,"",912,375.3,30.8,677.654720845916,30.0751879699248
167883,24.1,13.7,2.3,1.3,"",912,375.3,30.8,903.974008736516,16.7883211678832
35391,22.2,10.6,2.35,1.3,"",912,375.3,30.8,4506.22622942399,22.1698113207547
137733,32.9,16.6,3,1.3,"",912,375.3,30.8,686.775983712499,18.0722891566265
35392,22.5,11.4,2.6,1.3,"",912,375.3,30.8,959.466658870169,22.8070175438597
52708,35.3,14.8,5.7,1.3,"",912,375.3,30.8,1180.54241039882,38.5135135135135
139353,31.9,14,4,1.3,"",913,373.3,11.3,746.482196597777,28.5714285714286
63408,23.8,15.1,7.4,1.3,"",913,373.3,11.3,830.674366582384,49.0066225165563
63409,27.8,14,8.3,1.3,"",913,373.3,11.3,711.156541233787,59.2857142857143
10302,34.5,14.2,8.5,1.3,"",913,373.3,11.3,976.239837744124,59.8591549295775
36635,20.3,9.5,3.2,1.3,"",913,373.3,11.3,1026.01823504485,33.6842105263158
139346,21.6,9.1,2.5,1.3,"",913,373.3,11.3,709.911482588513,27.4725274725275
36632,23.5,8.3,2.3,1.3,"",913,373.3,11.3,1456.93237348475,27.710843373494
139360,20.4,9.2,2.1,1.3,"",913,373.3,11.3,813.867194857525,22.8260869565217
139373,25.1,12,2.1,1.3,"",913,373.3,11.3,2223.25525297472,17.5
63229,24.2,10.6,3.7,1.3,"",913,373.3,11.3,904.367201877125,34.9056603773585
139378,26.9,10.9,2.8,1.3,"",913,373.3,11.3,991.649207701299,25.6880733944954
139379,23,10.4,2.4,1.3,"",913,373.3,11.3,1237.22429454254,23.0769230769231
62779,31.6,14.1,5.6,1.3,"",1013,376,24,1506.85481923714,39.7163120567376
49305,32.8,13.6,7,1.3,"",914,372.6,5.7,520.75614375483,51.4705882352941
12356,37.4,17.4,7.7,1.3,"",914,372.6,5.7,500.310337122335,44.2528735632184
69909,37.6,16.6,7.8,1.3,"",914,372.6,5.7,473.924454627097,46.9879518072289
69926,31.5,12.4,6.2,1.3,"",914,372.6,5.7,609.26605487186,50
49303,30.9,12.9,5.8,1.3,"",914,372.6,5.7,1494.92961142891,44.9612403100775
139342,25.3,9.6,2.9,1.3,"",913,373.3,11.3,528.046012023122,30.2083333333333
139338,26.6,11.1,3.9,1.3,"",913,373.3,11.3,1131.10885578017,35.1351351351351
36649,24.8,11.2,3.1,1.3,"",913,373.3,11.3,703.680278829581,27.6785714285714
49064,20.6,9.4,2.5,1.3,"",914,372.6,5.7,773.654906303774,26.5957446808511
70052,36.4,15,6.6,1.3,"",814,370.6,16,978.210142612549,44
70066,24,10.8,3.7,1.3,"",814,370.6,16,1275.71318689194,34.2592592592593
56671,23.9,11.6,3.6,1.3,"",814,370.6,16,804.668045528439,31.0344827586207
138676,25.9,12.2,3.2,1.3,"",814,370.6,16,878.16099354541,26.2295081967213
12334,30.4,14.1,5.9,1.3,"",814,370.6,16,1036.69642685274,41.8439716312057
12337,30.9,13.5,5.8,1.3,"",814,370.6,16,1585.3606911619,42.962962962963
70206,30.8,13.5,5.9,1.3,"",814,370.6,16,640.944224214659,43.7037037037037
138653,24.5,20.5,2.8,1.3,"",814,370.6,16,618.628381774495,13.6585365853659
12329,33.5,14.6,9.2,1.3,"",814,370.6,16,737.674811304318,63.013698630137
12326,37.9,17.7,9,1.3,"",814,370.6,16,729.812316848163,50.8474576271186
56668,27.5,11.4,3.4,1.3,"",814,370.6,16,732.220522326059,29.8245614035088
171567,28.6,12.9,1.8,1.3,"",NA,NA,NA,NA,13.953488372093
138640,26.9,11,2.2,1.3,"",NA,NA,NA,NA,20
138639,27,13,2.2,1.3,"",814,370.6,16,412.893567815684,16.9230769230769
10290,39.8,18.9,6.7,1.3,"",913,373.3,11.3,623.041327661467,35.4497354497354
49059,33.9,14.9,6.4,1.3,"",914,372.6,5.7,905.766844518433,42.9530201342282
49072,27.9,14.2,6.1,1.3,"",914,372.6,5.7,535.469475658877,42.9577464788732
19277,31.4,14.4,5.7,1.3,"",NA,NA,NA,NA,39.5833333333333
69884,28.2,13,6.7,1.3,"",914,372.6,5.7,799.970702859803,51.5384615384615
69887,32.9,14,7.2,1.3,"",914,372.6,5.7,571.116541811307,51.4285714285714
69897,38.9,17.5,6.3,1.3,"",914,372.6,5.7,588.171464716372,36
69887,36.2,15.9,6,1.3,"",914,372.6,5.7,571.116541811307,37.7358490566038
138680,23.1,9.9,2.8,1.3,"",914,372.6,5.7,1039.35309913992,28.2828282828283
69777,30.9,14.2,2.5,1.3,"",914,372.6,5.7,764.927027132937,17.6056338028169
138686,22.5,11.8,4.2,1.3,"",914,372.6,5.7,877.463902279304,35.5932203389831
138685,25.1,11.5,4.2,1.3,"",914,372.6,5.7,628.240793710542,36.5217391304348
171578,28.5,12.6,4.1,1.3,"",914,372.6,5.7,658.848784723356,32.5396825396825
131925,18.8,8.5,1.65,1.3,"",306,366.7,31.5,750.276840257041,19.4117647058824
29005,32.9,13.9,4,1.3,"",307,370.6,26.5,669.57009007941,28.7769784172662
133458,34.1,14.9,3.9,1.3,"",307,370.6,26.5,27300.4827317533,26.1744966442953
29008,29,14.7,5.9,1.3,"",307,370.6,26.5,773.978416528268,40.1360544217687
35565,29.9,14.4,4.25,1.3,"",407,375.6,28.6,1643.6474062231,29.5138888888889
133471,31.6,15.7,3,1.3,"",407,375.6,28.6,1191.23037904076,19.1082802547771
5617,28.9,14,4.5,1.3,"",407,375.6,28.6,1871.1149238758,32.1428571428571
5628,29.3,12.4,3.4,1.3,"",407,375.6,28.6,736.213406854792,27.4193548387097
5625,36.1,16.2,6.5,1.3,"",407,375.6,28.6,811.183994196991,40.1234567901235
133491,21.3,9.6,2,1.3,"",407,375.6,28.6,1119.99616423391,20.8333333333333
133476,24.3,12.1,2.2,1.3,"",407,375.6,28.6,1046.82746043365,18.1818181818182
28900,27.6,12.6,3.2,1.3,"",407,375.6,28.6,915.621727416181,25.3968253968254
28888,31,16,6.8,1.3,"",307,370.6,26.5,886.54938197032,42.5
28800,28.8,16,6.1,1.3,"",307,370.6,26.5,1235.13053756537,38.125
161882,22.9,10.5,2.25,1.3,"",924,363.7,25.8,1262.00577055401,21.4285714285714
161924,24.1,12.1,3.3,1.3,"",924,363.7,25.8,1305.134328788,27.2727272727273
117774,27.9,14.3,5.5,1.3,"",924,363.7,25.8,1661.33506431145,38.4615384615385
118844,28.9,15.1,5.7,1.3,"",824,361.4,15.6,871.880967649531,37.7483443708609
118998,30.7,14,3.9,1.3,"",824,361.4,15.6,2840.52405673864,27.8571428571429
118997,19.3,8.9,2.7,1.3,"",824,361.4,15.6,598.294915446897,30.3370786516854
119323,23.9,12,4,1.3,"",824,361.4,15.6,531.97780749445,33.3333333333333
19349,28.5,11.6,4.5,1.3,"",825,359,17,773.585147636672,38.7931034482759
69645,28.4,12.9,5.8,1.3,"",915,372.9,12.7,1823.37960084821,44.9612403100775
12894,24.3,13.9,6.8,1.3,"",915,372.9,12.7,678.441155343348,48.9208633093525
69612,37.3,16.5,6,1.3,"",915,372.9,12.7,904.401127367461,36.3636363636364
37688,31.5,13.6,5.5,1.3,"",915,372.9,12.7,568.650271623736,40.4411764705882
37678,33.6,13.3,4.6,1.3,"",915,372.9,12.7,559.241001437647,34.5864661654135
141174,34.3,16.3,5,1.3,"",1015,375,13.8,675.090729160577,30.6748466257669
174625,23.2,11.9,2.6,1.3,"",NA,NA,NA,NA,21.8487394957983
174627,25.1,11.1,2.3,1.3,"",1015,375,13.8,2916.57398400959,20.7207207207207
141262,24.9,12.8,2.9,1.3,"",NA,NA,NA,NA,22.65625
78958,34.4,15.7,5.3,1.3,"",1016,376.9,9.5,788.873721570171,33.7579617834395
77197,31.9,15.8,5.7,1.3,"",916,374.8,21.6,819.420620070248,36.0759493670886
174555,27.3,12.8,2.4,1.3,"",NA,NA,NA,NA,18.75
13845,27.1,14.2,5.8,1.3,"",916,374.8,21.6,875.028393186261,40.8450704225352
77287,27.4,12.4,3.9,1.3,"",916,374.8,21.6,2158.22787775999,31.4516129032258
141162,24.5,12.9,3.4,1.3,"",915,372.9,12.7,800.491523661693,26.3565891472868
141157,20.9,8.8,1.7,1.3,"",915,372.9,12.7,1550.48806929633,19.3181818181818
69602,24.8,11.2,4.1,1.3,"",915,372.9,12.7,962.81784835777,36.6071428571429
69756,36.8,15.9,7.3,1.3,"",915,372.9,12.7,751.009574914863,45.9119496855346
37662,33.1,16.2,6.7,1.3,"",915,372.9,12.7,920.362266831282,41.358024691358
129658,37.7,16.2,6.8,1.3,"",916,374.8,21.6,1667.91646044473,41.9753086419753
140687,18.4,9.1,2.8,1.3,"",916,374.8,21.6,1281.46236464009,30.7692307692308
140688,21.9,9.8,2.7,1.3,"",916,374.8,21.6,887.327934800958,27.5510204081633
76430,22,10.1,2.7,1.3,"",916,374.8,21.6,983.756248056356,26.7326732673267
76449,16.5,8.5,2.2,1.3,"",916,374.8,21.6,1015.94313872724,25.8823529411765
170885,9.7,19.2,2.4,1.3,"",916,374.8,21.6,752.77022423502,12.5
170886,20.8,10.5,1.95,1.3,"",NA,NA,NA,NA,18.5714285714286
140675,19.7,7.5,1.75,1.3,"",816,371.1,21.2,841.573462403807,23.3333333333333
140678,27.9,13.5,3,1.3,"",816,371.1,21.2,1464.28723904754,22.2222222222222
140676,21.4,11.4,3.2,1.3,"",816,371.1,21.2,1063.30083909752,28.0701754385965
76087,26.1,11.2,4.9,1.3,"",816,371.1,21.2,898.545093492973,43.75
76345,21.1,9.8,2.5,1.3,"",816,371.1,21.2,2482.9147302594,25.5102040816327
140669,23.6,10.5,2.4,1.3,"",816,371.1,21.2,766.100323288481,22.8571428571429
140668,15.8,7.2,1.7,1.3,"",816,371.1,21.2,1414.63415279088,23.6111111111111
140663,23.9,10.8,2.3,1.3,"",816,371.1,21.2,998.760156718908,21.2962962962963
75898,29,12,2.8,1.3,"",816,371.1,21.2,716.47722382622,23.3333333333333
75897,33.8,15.3,8,1.3,"",816,371.1,21.2,769.23240928468,52.2875816993464
140660,14.7,9.3,3.8,1.3,"",816,371.1,21.2,589.649011249645,40.8602150537634
37852,20.7,12.9,5.3,1.3,"",716,368.7,5.7,674.73600601463,41.0852713178295
37852,16,12.1,3.6,1.3,"",716,368.7,5.7,674.73600601463,29.7520661157025
140654,20.3,11.9,3.9,1.3,"",716,368.7,5.7,905.492451397177,32.7731092436975
13774,29,19.7,12.6,1.3,"",816,371.1,21.2,818.22053381832,63.9593908629442
37851,31.7,17.4,7.6,1.3,"",716,368.7,5.7,880.13372424869,43.6781609195402
13767,24,14.9,10.8,1.3,"",816,371.1,21.2,2957.04254733384,72.4832214765101
13766,28.3,18.4,11.4,1.3,"",816,371.1,21.2,2382.86108609115,61.9565217391304
77063,28.2,13.2,3.3,1.3,"",817,371.5,16.5,781.351095415395,25
142648,27,13,4.8,1.3,"",717,368.9,10.3,604.955714917308,36.9230769230769
77055,20.6,9.1,3,1.3,"",717,368.9,10.3,2457.15363647697,32.967032967033
77069,31.8,12,6.4,1.3,"",817,371.5,16.5,680.474866049451,53.3333333333333
172078,18.4,8.7,1.4,1.3,"",NA,NA,NA,NA,16.0919540229885
142683,20,8.2,1.9,1.3,"",817,371.5,16.5,603.574913805253,23.1707317073171
172088,24.5,12.6,2.7,1.3,"",817,371.5,16.5,465.643236587994,21.4285714285714
142704,27.4,12.1,3.3,1.3,"",817,371.5,16.5,656.389819979903,27.2727272727273
77434,21.4,12.2,4.1,1.3,"",817,371.5,16.5,574.606416284856,33.6065573770492
77582,27,13,5.2,1.3,"",NA,NA,NA,NA,40
172097,26.2,12.4,3.2,1.3,"",817,371.5,16.5,6258.58479873071,25.8064516129032
77564,29.1,12.6,6.1,1.3,"",817,371.5,16.5,619.275294984352,48.4126984126984
170880,23.5,11.2,2.4,1.3,"",816,371.1,21.2,634.8398962355,21.4285714285714
140713,26.4,11.3,2.9,1.3,"",916,374.8,21.6,3422.64288919899,25.6637168141593
37903,20.2,8,1.65,1.3,"",1016,376.9,9.5,815.986252909622,20.625
79020,33.5,15.8,5,1.3,"",1016,376.9,9.5,616.412615116756,31.6455696202532
38574,22.5,10.5,2.8,1.3,"",1017,377.8,4.6,518.478013322191,26.6666666666667
142867,27.6,12.8,3,1.3,"",1017,377.8,4.6,832.983964759616,23.4375
142868,19.3,8.8,2.2,1.3,"",1017,377.8,4.6,1663.08447931349,25
14615,31.7,15.5,6.4,1.3,"",1017,377.8,4.6,895.468730561028,41.2903225806452
442870,24.1,12.5,3.9,1.3,"",NA,NA,NA,NA,31.2
38502,32.9,16.5,7.9,1.3,"",NA,NA,NA,NA,47.8787878787879
14607,37.6,17.2,10.2,1.3,"",917,375.1,20.5,608.009773696259,59.3023255813954
14607,30.3,12.5,3.5,1.3,"",917,375.1,20.5,608.009773696259,28
14591,31.4,15.7,9.9,1.3,"",917,375.1,20.5,845.038300828543,63.0573248407643
77988,21.9,11.5,3.3,1.3,"",917,375.1,20.5,1338.95275429064,28.695652173913
14624,25.2,13.5,9.9,1.3,"",1017,377.8,4.6,620.200108814841,73.3333333333333
38588,33.1,15.4,4.2,1.3,"",1017,377.8,4.6,555.037214425654,27.2727272727273
14619,33.2,15.3,9.8,1.3,"",1017,377.8,4.6,1047.23483936409,64.0522875816993
77670,32.4,13.6,7.8,1.3,"",1017,377.8,4.6,753.792055544334,57.3529411764706
14637,30.8,19.3,12.4,1.3,"",1017,377.8,4.6,1404.86941090623,64.2487046632124
14635,39.2,18.3,11.3,1.3,"",1017,377.8,4.6,1350.75347785496,61.7486338797814
14642,34.6,14.2,8.5,1.3,"",1017,377.8,4.6,2360.24073534555,59.8591549295775
142988,28.9,12.3,2.5,1.3,"",1017,377.8,4.6,713.023748035156,20.3252032520325
77967,32.7,13.1,2.6,1.3,"fallen down, Growing up again ( bended shape)",NA,NA,NA,NA,19.8473282442748
77692,34.9,14.6,5.6,1.3,"",1017,377.8,4.6,894.306053439928,38.3561643835616
38712,26.8,12.6,3.3,1.3,"",1018,376.6,18,5394.15748990463,26.1904761904762
38709,31.1,15,6.6,1.3,"",1018,376.6,18,986.538975819904,44
88817,25.3,12.9,4.3,1.3,"",1118,378.4,4.6,697.347011849638,33.3333333333333
89844,29.8,14.4,5.8,1.3,"",1018,376.6,18,2018.60244744378,40.2777777777778
89916,26.1,13.5,6.3,1.3,"",1018,376.6,18,743.24205343346,46.6666666666667
89812,29.6,13.8,4.9,1.3,"",1018,376.6,18,578.756728331806,35.5072463768116
89915,29.4,13.3,5.8,1.3,"",NA,NA,NA,NA,43.609022556391
89915,32.5,14.9,2.4,1.3,"",NA,NA,NA,NA,16.1073825503356
147223,21.6,10.8,2.8,1.3,"",1019,375.6,12.4,3300.7467106696,25.9259259259259
86962,26.9,15.3,6.4,1.3,"",1019,375.6,12.4,2357.01824091831,41.8300653594771
15973,35.2,14.4,7,1.3,"",1019,375.6,12.4,1090.51621351613,48.6111111111111
88511,32.2,14,6,1.3,"",1019,375.6,12.4,561.028513560231,42.8571428571429
9105,33.1,15.3,7,1.3,"",203,370.4,13.1,NA,45.7516339869281
88565,29.8,13.4,5,1.3,"",1019,375.6,12.4,705.591853365779,37.3134328358209
147050,29.3,13.5,2.9,1.3,"",1019,375.6,12.4,1176.18916446785,21.4814814814815
89466,23.3,12.3,2.5,1.3,"",919,371.2,30.1,889.718773573709,20.3252032520325
145982,23,11.5,2,1.3,"",919,371.2,30.1,764.397849713155,17.3913043478261
173062,16,9,2.1,1.3,"",920,372.7,17.7,692.134999723312,23.3333333333333
173060,16.2,9.5,2.2,1.3,"",920,372.7,17.7,667.036721852455,23.1578947368421
173070,24.4,12.5,2.4,1.3,"",920,372.7,17.7,1019.71332175548,19.2
175525,25.9,11.5,2.1,1.3,"",NA,NA,NA,NA,18.2608695652174
175526,27.3,12.6,2.05,1.3,"",NA,NA,NA,NA,16.2698412698413
175516,27.5,14,2.5,1.3,"",NA,NA,NA,NA,17.8571428571429
101213,21.2,13.3,3.9,1.3,"",920,372.7,17.7,485.260384524938,29.3233082706767
100157,28.9,14.2,5.3,1.3,"",921,372.4,18.5,1070.89409185864,37.3239436619718
127045,27,16.4,5.4,1.3,"",921,372.4,18.5,977.215794787802,32.9268292682927
157326,32.8,13.9,6.8,1.3,"",921,372.4,18.5,824.276033203816,48.9208633093525
100000,34.6,15.9,7,1.3,"",921,372.4,18.5,710.34245798268,44.0251572327044
127056,25,11.6,3.9,1.3,"",921,372.4,18.5,528.95323202282,33.6206896551724
99967,32.2,14.3,7.2,1.3,"",921,372.4,18.5,691.286597658034,50.3496503496503
99966,28.2,14.9,7.8,1.3,"",921,372.4,18.5,604.753192373706,52.3489932885906
107964,33.3,17.6,8.7,1.3,"",922,371.1,16.3,473.8598273369,49.4318181818182
157222,27.5,13,3.9,1.3,"",821,368.3,19.8,1331.15792261683,30
127210,20.7,14.6,6.2,1.3,"",822,368.8,6.4,1217.01401931828,42.4657534246575
100234,30.9,13.9,7,1.3,"",821,368.3,19.8,1681.20517448964,50.3597122302158
157132,30.1,13.6,4.7,1.3,"",821,368.3,19.8,1080.21755024176,34.5588235294118
100460,31.2,13.5,6.1,1.3,"",821,368.3,19.8,3505.48796620784,45.1851851851852
100647,24.3,12.2,3.7,1.3,"",821,368.3,19.8,1025.37168199928,30.327868852459
156441,27.1,14.2,4.8,1.3,"",822,368.8,6.4,599.858579253876,33.8028169014085
171927,32.4,14.2,4.5,1.3,"",723,363.7,30.3,642.736457070505,31.6901408450704
171928,28,16.9,3.3,1.3,"",823,365.8,30.7,1032.64823393819,19.5266272189349
160472,23.4,9.6,2.1,1.3,"",NA,NA,NA,NA,21.875
119110,22.1,10.9,3.4,1.3,"",823,365.8,30.7,5363.67424552339,31.1926605504587
119397,26.5,13.4,4.8,1.3,"",823,365.8,30.7,698.968481510123,35.8208955223881
179452,25.1,9.9,2.1,1.3,"",NA,NA,NA,NA,21.2121212121212
119130,23,10.6,3.3,1.3,"",823,365.8,30.7,1014.07051724682,31.1320754716981
175910,22.1,10.1,2.3,1.3,"",NA,NA,NA,NA,22.7722772277228
161770,29.8,13.8,4.7,1.3,"",824,361.4,15.6,680.402423940981,34.0579710144928
118921,31.4,14.3,6.2,1.3,"",824,361.4,15.6,804.831131507096,43.3566433566434
118937,30,14,4.7,1.3,"",824,361.4,15.6,707.685030904971,33.5714285714286
118947,34.8,13.1,6.7,1.3,"",824,361.4,15.6,621.848905863955,51.1450381679389
18980,28,12.3,3.2,1.3,"",1324,374.3,21.3,521.650100859141,26.0162601626016
118899,27.7,13.1,6.6,1.3,"",824,361.4,15.6,1466.94853448517,50.381679389313
118911,19.5,7.7,1.8,1.3,"",824,361.4,15.6,1871.51840329492,23.3766233766234
128872,26.6,14,5,1.3,"",824,361.4,15.6,930.548631438567,35.7142857142857
161870,21.9,11,3.1,1.3,"",824,361.4,15.6,1030.59432933444,28.1818181818182
